IE_XML_ID;IE_NAME;IE_PREVIEW_TEXT;IE_DETAIL_TEXT;IP_PROP62;IP_PROP63;IP_PROP64;IP_PROP65;IP_PROP53;IP_PROP54;IP_PROP55;IP_PROP56;IP_PROP57;IP_PROP58;IP_PROP59;IP_PROP60;IP_PROP61;IP_PROP66;IP_PROP165;IP_PROP166;IP_PROP167;IP_PROP168;IP_PROP170;IP_PROP171;IP_PROP172;IP_PROP173;IP_PROP174;IP_PROP67;IP_PROP68;IP_PROP69;IP_PROP70;IP_PROP71;IP_PROP72;IP_PROP73;IP_PROP74;IP_PROP75;IP_PROP76;IP_PROP77;IP_PROP78;IP_PROP79;IP_PROP80;IP_PROP81;IP_PROP82;IP_PROP83;IP_PROP84;IP_PROP85;IP_PROP86;IP_PROP87;IP_PROP88;IP_PROP89;IP_PROP90;IP_PROP91;IP_PROP92;IP_PROP93;IP_PROP94;IP_PROP95;IP_PROP96;IP_PROP97;IP_PROP98;IP_PROP99;IP_PROP100;IP_PROP101;IP_PROP102;IP_PROP103;IP_PROP104;IP_PROP105;IP_PROP106;IP_PROP107;IP_PROP108;IP_PROP109;IP_PROP110;IP_PROP111;IP_PROP112;IP_PROP113;IP_PROP114;IP_PROP115;IP_PROP116;IP_PROP117;IP_PROP118;IP_PROP119;IP_PROP120;IP_PROP121;IP_PROP122;IP_PROP123;IP_PROP124;IP_PROP125;IP_PROP126;IP_PROP127;IP_PROP128;IP_PROP129;IP_PROP130;IP_PROP131;IP_PROP132;IP_PROP133;IP_PROP134;IP_PROP135;IP_PROP136;IP_PROP137;IP_PROP138;IC_GROUP0;IC_GROUP1;IC_GROUP2;CP_QUANTITY;CP_WEIGHT;CP_WIDTH;CP_HEIGHT;CP_LENGTH;CV_QUANTITY_FROM;CV_QUANTITY_TO;CV_PRICE_1;CV_CURRENCY_1;CV_PRICE_2;CV_CURRENCY_2
97116dd6-2ca1-11e1-a950-0030487795de;A1091SP-1AB;A1091SP-1AB СВЕТИЛЬНИК ПОДВЕСНОЙ;;IP20;ARTE LAMP;Подвесы;Да;4607191228297;A1091SP-1AB;;Товар;0;18;/upload/iblock/063/0633d3c7f032829204467f85f3b4462c.jpeg;;;28;;;;;;;;;;33;Каталог товаров;AA;22;28;22;Арте Ламп, 110, 1/Ф Парк Фук индастриал билдинг, 615-617, Тай Нань Вест стрит, Гужень, Китай;Комисс;;10;1;1;нет;Металл гальванированный;металл стекло;Стекло;6;60W;Светильник подвесной Arte Lamp Rimini A1091SP-1AB;230V;Нет;TC RU C-IT.MO07.B.00066;220418;ООО «Центр аналитических технологий «Прогресс»;E27;02/029/0062;Premium/Standard;Нет;Decorative Classic;;RIMINI;03.10.2019;03.10.14 00:00;GA1091 - плафон;Классика;90;10;накал;incandescent;Светильник подвесной;Pendant Lamp;СВІТИЛЬНИК ПIДВIСНИЙ;Классика;Да;Античная бронза;Прозрачный;#ffffff;40;22;1,73;0;;60;;;скоба;;;;;Да;;;;;;;;;;;;Подвесы;;;4;2120;0;0;0;;;;;9953.00;RUB
97116dd6-2ca1-11e1-a950-0030487795de;A1091SP-1AB;A1091SP-1AB СВЕТИЛЬНИК ПОДВЕСНОЙ;;IP20;ARTE LAMP;Подвесы;Да;4607191228297;A1091SP-1AB;;Товар;0;18;/upload/iblock/063/0633d3c7f032829204467f85f3b4462c.jpeg;;;28;;;;;;;;;;33;Каталог товаров;AA;22;28;22;Арте Ламп, 110, 1/Ф Парк Фук индастриал билдинг, 615-617, Тай Нань Вест стрит, Гужень, Китай;Комисс;;10;1;1;нет;Металл гальванированный;металл стекло;Стекло;6;60W;Светильник подвесной Arte Lamp Rimini A1091SP-1AB;230V;Нет;TC RU C-IT.MO07.B.00066;220418;ООО «Центр аналитических технологий «Прогресс»;E27;02/029/0062;Premium/Standard;Нет;Decorative Classic;;RIMINI;03.10.2019;03.10.14 00:00;GA1091 - плафон;Классика;90;10;накал;incandescent;Светильник подвесной;Pendant Lamp;СВІТИЛЬНИК ПIДВIСНИЙ;Классика;Да;Античная бронза;Прозрачный;#ffffff;40;22;1,73;0;;60;;;скоба;;;;;Да;;;;;;;;;;;;Подвесы;;;4;2120;0;0;0;;;;;9953.00;RUB
97116dd6-2ca1-11e1-a950-0030487795de;A1091SP-1AB;A1091SP-1AB СВЕТИЛЬНИК ПОДВЕСНОЙ;;IP20;ARTE LAMP;Подвесы;Да;4607191228297;A1091SP-1AB;;02.дек;0;18;/upload/iblock/063/0633d3c7f032829204467f85f3b4462c.jpeg;;;28;;;;;;;;;;33;Каталог товаров;AA;22;28;22;Арте Ламп, 110, 1/Ф Парк Фук индастриал билдинг, 615-617, Тай Нань Вест стрит, Гужень, Китай;Комисс;;10;1;1;нет;Металл гальванированный;металл стекло;Стекло;6;60W;Светильник подвесной Arte Lamp Rimini A1091SP-1AB;230V;Нет;TC RU C-IT.MO07.B.00066;220418;ООО «Центр аналитических технологий «Прогресс»;E27;02/029/0062;Premium/Standard;Нет;Decorative Classic;;RIMINI;03.10.2019;03.10.14 00:00;GA1091 - плафон;Классика;90;10;накал;incandescent;Светильник подвесной;Pendant Lamp;СВІТИЛЬНИК ПIДВIСНИЙ;Классика;Да;Античная бронза;Прозрачный;#ffffff;40;22;1,73;0;;60;;;скоба;;;;;Да;;;;;;;;;;;;Подвесы;;;4;2120;0;0;0;;;;;9953.00;RUB
97116dd8-2ca1-11e1-a950-0030487795de;A1091SP-1CC;A1091SP-1CC СВЕТИЛЬНИК ПОДВЕСНОЙ;;IP20;ARTE LAMP;Подвесы;Да;4607191228303;A1091SP-1CC;;Товар;0;18;/upload/iblock/81b/81b70c354b13f1f491ad5a78bd0465c0.jpeg;;;27;;;;;;;;;;33;Каталог товаров;AA;22;27;22;Арте Ламп, 110, 1/Ф Парк Фук индастриал билдинг, 615-617, Тай Нань Вест стрит, Гужень, Китай;Комисс;;10;1;1;нет;Металл гальванированный;металл стекло;Стекло;6;60W;Светильник подвесной Arte Lamp Rimini A1091SP-1CC;230V;Нет;TC RU C-IT.MO07.B.00066;220418;ООО «Центр аналитических технологий «Прогресс»;E27;02/029/0063;Premium/Standard;Нет;Decorative Classic;;RIMINI;03.10.2019;03.10.14 00:00;GA1091 - плафон;Классика;91;10;накал;incandescent;Светильник подвесной;Pendant Lamp;СВІТИЛЬНИК ПIДВIСНИЙ;Классика;Да;Хром;Прозрачный;#ffffff;40;22;1,74;0;;60;;;скоба;;;;;;;;;;;;;;;;;Подвесы;;;31;2120;0;0;0;;;;;9953.00;RUB
97116dd8-2ca1-11e1-a950-0030487795de;A1091SP-1CC;A1091SP-1CC СВЕТИЛЬНИК ПОДВЕСНОЙ;;IP20;ARTE LAMP;Подвесы;Да;4607191228303;A1091SP-1CC;;Товар;0;18;/upload/iblock/81b/81b70c354b13f1f491ad5a78bd0465c0.jpeg;;;27;;;;;;;;;;33;Каталог товаров;AA;22;27;22;Арте Ламп, 110, 1/Ф Парк Фук индастриал билдинг, 615-617, Тай Нань Вест стрит, Гужень, Китай;Комисс;;10;1;1;нет;Металл гальванированный;металл стекло;Стекло;6;60W;Светильник подвесной Arte Lamp Rimini A1091SP-1CC;230V;Нет;TC RU C-IT.MO07.B.00066;220418;ООО «Центр аналитических технологий «Прогресс»;E27;02/029/0063;Premium/Standard;Нет;Decorative Classic;;RIMINI;03.10.2019;03.10.14 00:00;GA1091 - плафон;Классика;91;10;накал;incandescent;Светильник подвесной;Pendant Lamp;СВІТИЛЬНИК ПIДВIСНИЙ;Классика;Да;Хром;Прозрачный;#ffffff;40;22;1,74;0;;60;;;скоба;;;;;;;;;;;;;;;;;Подвесы;;;31;2120;0;0;0;;;;;9953.00;RUB
97116dd8-2ca1-11e1-a950-0030487795de;A1091SP-1CC;A1091SP-1CC СВЕТИЛЬНИК ПОДВЕСНОЙ;;IP20;ARTE LAMP;Подвесы;Да;4607191228303;A1091SP-1CC;;02.дек;0;18;/upload/iblock/81b/81b70c354b13f1f491ad5a78bd0465c0.jpeg;;;27;;;;;;;;;;33;Каталог товаров;AA;22;27;22;Арте Ламп, 110, 1/Ф Парк Фук индастриал билдинг, 615-617, Тай Нань Вест стрит, Гужень, Китай;Комисс;;10;1;1;нет;Металл гальванированный;металл стекло;Стекло;6;60W;Светильник подвесной Arte Lamp Rimini A1091SP-1CC;230V;Нет;TC RU C-IT.MO07.B.00066;220418;ООО «Центр аналитических технологий «Прогресс»;E27;02/029/0063;Premium/Standard;Нет;Decorative Classic;;RIMINI;03.10.2019;03.10.14 00:00;GA1091 - плафон;Классика;91;10;накал;incandescent;Светильник подвесной;Pendant Lamp;СВІТИЛЬНИК ПIДВIСНИЙ;Классика;Да;Хром;Прозрачный;#ffffff;40;22;1,74;0;;60;;;скоба;;;;;;;;;;;;;;;;;Подвесы;;;31;2120;0;0;0;;;;;9953.00;RUB
f8783050-a635-11e4-afb5-000c29ad8fa6;A1230SP-2BG;A1230SP-2BG СВЕТИЛЬНИК ПОДВЕСНОЙ;;IP20;ARTE LAMP;Подвесы;Да;4640015245438;A1230SP-2BG;;Товар;0;18;/upload/iblock/d07/d0734f9c48cdc7ff4a0f7a0dab31ea12.jpeg;;;45;;;;;;;;;;22;;BB;40;45;40;Арте Ламп, 110, 1/Ф Парк Фук индастриал билдинг, 615-617, Тай Нань Вест стрит, Гужень, Китай;;;10;2;2;;Металл;металл стекло;Стекло;1;60W;Светильник подвесной ARTE LAMP LILY A1230SP-2BG;230V;Нет;TC RU C-IT.MO07.B.00066;220418;ООО «Центр аналитических технологий «Прогресс»;E27;02/081/0117;;Нет;Decorative Classic;;LILY;03.10.2019;03.10.14 00:00;;Тиффани;161;10;накал;incandescent;Светильник подвесной;Pendant Lamp;СВІТИЛЬНИК ПIДВIСНИЙ;Классика;;Старая медь;;#ffffff;28;40;3,2;;;80;;;скоба;;;;;;;;;;;;;;;;;Подвесы;;;21;4400;0;0;0;;;;;9976.00;RUB
f8783050-a635-11e4-afb5-000c29ad8fa6;A1230SP-2BG;A1230SP-2BG СВЕТИЛЬНИК ПОДВЕСНОЙ;;IP20;ARTE LAMP;Подвесы;Да;4640015245438;A1230SP-2BG;;Товар;0;18;/upload/iblock/d07/d0734f9c48cdc7ff4a0f7a0dab31ea12.jpeg;;;45;;;;;;;;;;22;;BB;40;45;40;Арте Ламп, 110, 1/Ф Парк Фук индастриал билдинг, 615-617, Тай Нань Вест стрит, Гужень, Китай;;;10;2;2;;Металл;металл стекло;Стекло;1;60W;Светильник подвесной ARTE LAMP LILY A1230SP-2BG;230V;Нет;TC RU C-IT.MO07.B.00066;220418;ООО «Центр аналитических технологий «Прогресс»;E27;02/081/0117;;Нет;Decorative Classic;;LILY;03.10.2019;03.10.14 00:00;;Тиффани;161;10;накал;incandescent;Светильник подвесной;Pendant Lamp;СВІТИЛЬНИК ПIДВIСНИЙ;Классика;;Старая медь;;#ffffff;28;40;3,2;;;80;;;скоба;;;;;;;;;;;;;;;;;Подвесы;;;21;4400;0;0;0;;;;;9976.00;RUB
f8783050-a635-11e4-afb5-000c29ad8fa6;A1230SP-2BG;A1230SP-2BG СВЕТИЛЬНИК ПОДВЕСНОЙ;;IP20;ARTE LAMP;Подвесы;Да;4640015245438;A1230SP-2BG;;04.апр;0;18;/upload/iblock/d07/d0734f9c48cdc7ff4a0f7a0dab31ea12.jpeg;;;45;;;;;;;;;;22;;BB;40;45;40;Арте Ламп, 110, 1/Ф Парк Фук индастриал билдинг, 615-617, Тай Нань Вест стрит, Гужень, Китай;;;10;2;2;;Металл;металл стекло;Стекло;1;60W;Светильник подвесной ARTE LAMP LILY A1230SP-2BG;230V;Нет;TC RU C-IT.MO07.B.00066;220418;ООО «Центр аналитических технологий «Прогресс»;E27;02/081/0117;;Нет;Decorative Classic;;LILY;03.10.2019;03.10.14 00:00;;Тиффани;161;10;накал;incandescent;Светильник подвесной;Pendant Lamp;СВІТИЛЬНИК ПIДВIСНИЙ;Классика;;Старая медь;;#ffffff;28;40;3,2;;;80;;;скоба;;;;;;;;;;;;;;;;;Подвесы;;;21;4400;0;0;0;;;;;9976.00;RUB
f878303e-a635-11e4-afb5-000c29ad8fa6;A1232SP-2BG;A1232SP-2BG СВЕТИЛЬНИК ПОДВЕСНОЙ;;IP20;ARTE LAMP;Подвесы;Да;4640015245407;A1232SP-2BG;;Товар;0;18;/upload/iblock/0fe/0feb33b0937dcf2a15704b90f5b8e3ba.jpeg;;;45;;;;;;;;;;24;;BB;40;45;40;Арте Ламп, 110, 1/Ф Парк Фук индастриал билдинг, 615-617, Тай Нань Вест стрит, Гужень, Китай;;;10;2;2;;Металл;металл стекло;Стекло;1;60W;Светильник подвесной ARTE LAMP FRUITS A1232SP-2BG;230V;Нет;TC RU C-IT.MO07.B.00066;220418;ООО «Центр аналитических технологий «Прогресс»;E27;02/080/0120;;Нет;Decorative Classic;;FRUITS;03.10.2019;03.10.14 00:00;;Тиффани;160;10;накал;incandescent;Светильник подвесной;Pendant Lamp;СВІТИЛЬНИК ПIДВIСНИЙ;Классика;;Старая медь;;#ffffff;29;40;3,2;;;80;;;скоба;;;;;;;;;;;;;;;;;Подвесы;;;28;4600;0;0;0;;;;;9968.00;RUB
f878303e-a635-11e4-afb5-000c29ad8fa6;A1232SP-2BG;A1232SP-2BG СВЕТИЛЬНИК ПОДВЕСНОЙ;;IP20;ARTE LAMP;Подвесы;Да;4640015245407;A1232SP-2BG;;Товар;0;18;/upload/iblock/0fe/0feb33b0937dcf2a15704b90f5b8e3ba.jpeg;;;45;;;;;;;;;;24;;BB;40;45;40;Арте Ламп, 110, 1/Ф Парк Фук индастриал билдинг, 615-617, Тай Нань Вест стрит, Гужень, Китай;;;10;2;2;;Металл;металл стекло;Стекло;1;60W;Светильник подвесной ARTE LAMP FRUITS A1232SP-2BG;230V;Нет;TC RU C-IT.MO07.B.00066;220418;ООО «Центр аналитических технологий «Прогресс»;E27;02/080/0120;;Нет;Decorative Classic;;FRUITS;03.10.2019;03.10.14 00:00;;Тиффани;160;10;накал;incandescent;Светильник подвесной;Pendant Lamp;СВІТИЛЬНИК ПIДВIСНИЙ;Классика;;Старая медь;;#ffffff;29;40;3,2;;;80;;;скоба;;;;;;;;;;;;;;;;;Подвесы;;;28;4600;0;0;0;;;;;9968.00;RUB
f878303e-a635-11e4-afb5-000c29ad8fa6;A1232SP-2BG;A1232SP-2BG СВЕТИЛЬНИК ПОДВЕСНОЙ;;IP20;ARTE LAMP;Подвесы;Да;4640015245407;A1232SP-2BG;;04.июн;0;18;/upload/iblock/0fe/0feb33b0937dcf2a15704b90f5b8e3ba.jpeg;;;45;;;;;;;;;;24;;BB;40;45;40;Арте Ламп, 110, 1/Ф Парк Фук индастриал билдинг, 615-617, Тай Нань Вест стрит, Гужень, Китай;;;10;2;2;;Металл;металл стекло;Стекло;1;60W;Светильник подвесной ARTE LAMP FRUITS A1232SP-2BG;230V;Нет;TC RU C-IT.MO07.B.00066;220418;ООО «Центр аналитических технологий «Прогресс»;E27;02/080/0120;;Нет;Decorative Classic;;FRUITS;03.10.2019;03.10.14 00:00;;Тиффани;160;10;накал;incandescent;Светильник подвесной;Pendant Lamp;СВІТИЛЬНИК ПIДВIСНИЙ;Классика;;Старая медь;;#ffffff;29;40;3,2;;;80;;;скоба;;;;;;;;;;;;;;;;;Подвесы;;;28;4600;0;0;0;;;;;9968.00;RUB
a37d66ed-97d8-11e3-a616-000c29ad8fa6;A1260SP-1SS;A1260SP-1SS СВЕТИЛЬНИК ПОДВЕСНОЙ;;IP20;ARTE LAMP;Подвесы;Да;4620009776735;A1260SP-1SS;;Товар;0;18;/upload/iblock/fc8/fc8769fe83f1d50988730258ab4fb2c4.jpeg;;;63;;;;;;;;;;19;Каталог товаров;NEW;38;46;38;Арте Ламп, 110, 1/Ф Парк Фук индастриал билдинг, 615-617, Тай Нань Вест стрит, Гужень, Китай;;СТв  МДМн10;10;1;1;нет;Металл гальванированный;металл стекло;Стекло;1;40W;Светильник подвесной Arte Lamp Ufo A1260SP-1SS;230V;Нет;TC RU C-IT.MO07.B.00066;220418;ООО «Центр аналитических технологий «Прогресс»;E14;04/008/0122;Standard;Нет;Pendants;;UFO;03.10.2019;03.10.14 00:00;"GA1260 - плафон; GA1260in - внутренний стеклянный плафон";Модерн;461;10;накал;incandescent;Светильник подвесной;Pendant Lamp;СВІТИЛЬНИК ПIДВIСНИЙ;Модерн;Да;Матовое серебро;;#ffffff;26;38;2,8;;;55;;;скоба;;;;;;;;;;;;;;;;;Подвесы;;;23;4020;0;0;0;;;;;7117.00;RUB
a37d66ed-97d8-11e3-a616-000c29ad8fa6;A1260SP-1SS;A1260SP-1SS СВЕТИЛЬНИК ПОДВЕСНОЙ;;IP20;ARTE LAMP;Подвесы;Да;4620009776735;A1260SP-1SS;;Товар;0;18;/upload/iblock/fc8/fc8769fe83f1d50988730258ab4fb2c4.jpeg;;;63;;;;;;;;;;19;Каталог товаров;NEW;38;46;38;Арте Ламп, 110, 1/Ф Парк Фук индастриал билдинг, 615-617, Тай Нань Вест стрит, Гужень, Китай;;СТв  МДМн10;10;1;1;нет;Металл гальванированный;металл стекло;Стекло;1;40W;Светильник подвесной Arte Lamp Ufo A1260SP-1SS;230V;Нет;TC RU C-IT.MO07.B.00066;220418;ООО «Центр аналитических технологий «Прогресс»;E14;04/008/0122;Standard;Нет;Pendants;;UFO;03.10.2019;03.10.14 00:00;"GA1260 - плафон; GA1260in - внутренний стеклянный плафон";Модерн;461;10;накал;incandescent;Светильник подвесной;Pendant Lamp;СВІТИЛЬНИК ПIДВIСНИЙ;Модерн;Да;Матовое серебро;;#ffffff;26;38;2,8;;;55;;;скоба;;;;;;;;;;;;;;;;;Подвесы;;;23;4020;0;0;0;;;;;7117.00;RUB
a37d66ed-97d8-11e3-a616-000c29ad8fa6;A1260SP-1SS;A1260SP-1SS СВЕТИЛЬНИК ПОДВЕСНОЙ;;IP20;ARTE LAMP;Подвесы;Да;4620009776735;A1260SP-1SS;;04.фев;0;18;/upload/iblock/fc8/fc8769fe83f1d50988730258ab4fb2c4.jpeg;;;63;;;;;;;;;;19;Каталог товаров;NEW;38;46;38;Арте Ламп, 110, 1/Ф Парк Фук индастриал билдинг, 615-617, Тай Нань Вест стрит, Гужень, Китай;;СТв  МДМн10;10;1;1;нет;Металл гальванированный;металл стекло;Стекло;1;40W;Светильник подвесной Arte Lamp Ufo A1260SP-1SS;230V;Нет;TC RU C-IT.MO07.B.00066;220418;ООО «Центр аналитических технологий «Прогресс»;E14;04/008/0122;Standard;Нет;Pendants;;UFO;03.10.2019;03.10.14 00:00;"GA1260 - плафон; GA1260in - внутренний стеклянный плафон";Модерн;461;10;накал;incandescent;Светильник подвесной;Pendant Lamp;СВІТИЛЬНИК ПIДВIСНИЙ;Модерн;Да;Матовое серебро;;#ffffff;26;38;2,8;;;55;;;скоба;;;;;;;;;;;;;;;;;Подвесы;;;23;4020;0;0;0;;;;;7117.00;RUB
221aa55d-5b2e-11e2-a0fb-000c29ad8fa6;A1320SP-1BK;A1320SP-1BK СВЕТИЛЬНИК ПОДВЕСНОЙ;;IP20;ARTE LAMP;Подвесы;Да;4620009772256;A1320SP-1BK;;Товар;0;18;/upload/iblock/327/327cf81344f1796335fb30e420f67d08.jpeg;;;15;;;;;;;;;;14;Каталог товаров;BB;15;17;15;Арте Ламп, 110, 1/Ф Парк Фук индастриал билдинг, 615-617, Тай Нань Вест стрит, Гужень, Китай;;;10;1;1;нет;Металл гальванированный, дерево;металл дерево стекло;Стекло;8;40W;Светильник подвесной Arte Lamp Ring A1320SP-1BK;230V;Нет;TC RU C-IT.MO07.B.00066;220418;ООО «Центр аналитических технологий «Прогресс»;E14;03/074/0132;Standard;Нет;Decorative Modern;wood - дерево;RING;03.10.2019;03.10.14 00:00;GA1326 - плафон;Модерн;442;10;накал;incandescent;Светильник подвесной;Pendant Lamp;СВІТИЛЬНИК ПIДВIСНИЙ;Модерн;Да;Черный;Черный;#ffffff;17;15;;;;120;;;скоба;;;;;;;;;;;;;;;;;Подвесы;;;2;720;0;0;0;;;;;2856.00;RUB
221aa55d-5b2e-11e2-a0fb-000c29ad8fa6;A1320SP-1BK;A1320SP-1BK СВЕТИЛЬНИК ПОДВЕСНОЙ;;IP20;ARTE LAMP;Подвесы;Да;4620009772256;A1320SP-1BK;;Товар;0;18;/upload/iblock/327/327cf81344f1796335fb30e420f67d08.jpeg;;;15;;;;;;;;;;14;Каталог товаров;BB;15;17;15;Арте Ламп, 110, 1/Ф Парк Фук индастриал билдинг, 615-617, Тай Нань Вест стрит, Гужень, Китай;;;10;1;1;нет;Металл гальванированный, дерево;металл дерево стекло;Стекло;8;40W;Светильник подвесной Arte Lamp Ring A1320SP-1BK;230V;Нет;TC RU C-IT.MO07.B.00066;220418;ООО «Центр аналитических технологий «Прогресс»;E14;03/074/0132;Standard;Нет;Decorative Modern;wood - дерево;RING;03.10.2019;03.10.14 00:00;GA1326 - плафон;Модерн;442;10;накал;incandescent;Светильник подвесной;Pendant Lamp;СВІТИЛЬНИК ПIДВIСНИЙ;Модерн;Да;Черный;Черный;#ffffff;17;15;;;;120;;;скоба;;;;;;;;;;;;;;;;;Подвесы;;;2;720;0;0;0;;;;;2856.00;RUB
221aa55d-5b2e-11e2-a0fb-000c29ad8fa6;A1320SP-1BK;A1320SP-1BK СВЕТИЛЬНИК ПОДВЕСНОЙ;;IP20;ARTE LAMP;Подвесы;Да;4620009772256;A1320SP-1BK;;0.72;0;18;/upload/iblock/327/327cf81344f1796335fb30e420f67d08.jpeg;;;15;;;;;;;;;;14;Каталог товаров;BB;15;17;15;Арте Ламп, 110, 1/Ф Парк Фук индастриал билдинг, 615-617, Тай Нань Вест стрит, Гужень, Китай;;;10;1;1;нет;Металл гальванированный, дерево;металл дерево стекло;Стекло;8;40W;Светильник подвесной Arte Lamp Ring A1320SP-1BK;230V;Нет;TC RU C-IT.MO07.B.00066;220418;ООО «Центр аналитических технологий «Прогресс»;E14;03/074/0132;Standard;Нет;Decorative Modern;wood - дерево;RING;03.10.2019;03.10.14 00:00;GA1326 - плафон;Модерн;442;10;накал;incandescent;Светильник подвесной;Pendant Lamp;СВІТИЛЬНИК ПIДВIСНИЙ;Модерн;Да;Черный;Черный;#ffffff;17;15;;;;120;;;скоба;;;;;;;;;;;;;;;;;Подвесы;;;2;720;0;0;0;;;;;2856.00;RUB
221aa55b-5b2e-11e2-a0fb-000c29ad8fa6;A1326SP-1BK;A1326SP-1BK СВЕТИЛЬНИК ПОДВЕСНОЙ;;IP20;ARTE LAMP;Подвесы;Да;4620009772249;A1326SP-1BK;;Товар;0;18;/upload/iblock/739/7390d4f5d942882a48f13282da94e824.jpeg;;;18;;;;;;;;;;26;Каталог товаров;AB;30;32;30;Арте Ламп, 110, 1/Ф Парк Фук индастриал билдинг, 615-617, Тай Нань Вест стрит, Гужень, Китай;;;10;1;1;нет;Металл гальванированный, дерево;металл дерево стекло;Стекло;1;60W;Светильник подвесной Arte Lamp Ring A1326SP-1BK;230V;Нет;TC RU C-IT.MO07.B.00066;220418;ООО «Центр аналитических технологий «Прогресс»;E27;03/074/0138;Standard;Нет;Decorative Modern;wood - дерево;RING;03.10.2019;03.10.14 00:00;GA1326B - плафон;Модерн;442;10;накал;incandescent;Светильник подвесной;Pendant Lamp;СВІТИЛЬНИК ПIДВIСНИЙ;Модерн;Да;Черный;Черный;#ffffff;32;30;1,79;;;120;;;скоба;;;;;;;;;;;;;;;;;Подвесы;;;86;2000;0;0;0;;;;;7604.00;RUB
221aa55b-5b2e-11e2-a0fb-000c29ad8fa6;A1326SP-1BK;A1326SP-1BK СВЕТИЛЬНИК ПОДВЕСНОЙ;;IP20;ARTE LAMP;Подвесы;Да;4620009772249;A1326SP-1BK;;Товар;0;18;/upload/iblock/739/7390d4f5d942882a48f13282da94e824.jpeg;;;18;;;;;;;;;;26;Каталог товаров;AB;30;32;30;Арте Ламп, 110, 1/Ф Парк Фук индастриал билдинг, 615-617, Тай Нань Вест стрит, Гужень, Китай;;;10;1;1;нет;Металл гальванированный, дерево;металл дерево стекло;Стекло;1;60W;Светильник подвесной Arte Lamp Ring A1326SP-1BK;230V;Нет;TC RU C-IT.MO07.B.00066;220418;ООО «Центр аналитических технологий «Прогресс»;E27;03/074/0138;Standard;Нет;Decorative Modern;wood - дерево;RING;03.10.2019;03.10.14 00:00;GA1326B - плафон;Модерн;442;10;накал;incandescent;Светильник подвесной;Pendant Lamp;СВІТИЛЬНИК ПIДВIСНИЙ;Модерн;Да;Черный;Черный;#ffffff;32;30;1,79;;;120;;;скоба;;;;;;;;;;;;;;;;;Подвесы;;;86;2000;0;0;0;;;;;7604.00;RUB
221aa55b-5b2e-11e2-a0fb-000c29ad8fa6;A1326SP-1BK;A1326SP-1BK СВЕТИЛЬНИК ПОДВЕСНОЙ;;IP20;ARTE LAMP;Подвесы;Да;4620009772249;A1326SP-1BK;;2;0;18;/upload/iblock/739/7390d4f5d942882a48f13282da94e824.jpeg;;;18;;;;;;;;;;26;Каталог товаров;AB;30;32;30;Арте Ламп, 110, 1/Ф Парк Фук индастриал билдинг, 615-617, Тай Нань Вест стрит, Гужень, Китай;;;10;1;1;нет;Металл гальванированный, дерево;металл дерево стекло;Стекло;1;60W;Светильник подвесной Arte Lamp Ring A1326SP-1BK;230V;Нет;TC RU C-IT.MO07.B.00066;220418;ООО «Центр аналитических технологий «Прогресс»;E27;03/074/0138;Standard;Нет;Decorative Modern;wood - дерево;RING;03.10.2019;03.10.14 00:00;GA1326B - плафон;Модерн;442;10;накал;incandescent;Светильник подвесной;Pendant Lamp;СВІТИЛЬНИК ПIДВIСНИЙ;Модерн;Да;Черный;Черный;#ffffff;32;30;1,79;;;120;;;скоба;;;;;;;;;;;;;;;;;Подвесы;;;86;2000;0;0;0;;;;;7604.00;RUB
a37d6861-97d8-11e3-a616-000c29ad8fa6;A1402SP-1SS;A1402SP-1SS СВЕТИЛЬНИК ПОДВЕСНОЙ;;IP20;ARTE LAMP;Подвесы;Да;4620009777015;A1402SP-1SS;;Товар;0;18;/upload/iblock/9b2/9b2e01e76880c01d0cadd952104462d1.jpeg;;;27;;;;;;;;;;33;Каталог товаров;AA;19;50;19;Арте Ламп, 110, 1/Ф Парк Фук индастриал билдинг, 615-617, Тай Нань Вест стрит, Гужень, Китай;;;10;1;1;нет;Металл гальванированный;металл стекло;Стекло;4;40W;Светильник подвесной Arte Lamp Edison A1402SP-1SS;230V;Нет;TC RU C-IT.MO07.B.00066;220418;ООО «Центр аналитических технологий «Прогресс»;E27;03/021/0154;Standard;Нет;Decorative Modern;;EDISON;03.10.2019;03.10.14 00:00;GA1402 - плафон;Модерн;393;10;накал;incandescent;Светильник подвесной;Pendant Lamp;СВІТИЛЬНИК ПIДВIСНИЙ;Модерн;Да;Матовое серебро;;#ffffff;27;19;0,85;;;90;;;скоба;;;;;;;;;;;;;;;;;Подвесы;;;95;1800;0;0;0;;;;;3814.00;RUB
a37d6861-97d8-11e3-a616-000c29ad8fa6;A1402SP-1SS;A1402SP-1SS СВЕТИЛЬНИК ПОДВЕСНОЙ;;IP20;ARTE LAMP;Подвесы;Да;4620009777015;A1402SP-1SS;;Товар;0;18;/upload/iblock/9b2/9b2e01e76880c01d0cadd952104462d1.jpeg;;;27;;;;;;;;;;33;Каталог товаров;AA;19;50;19;Арте Ламп, 110, 1/Ф Парк Фук индастриал билдинг, 615-617, Тай Нань Вест стрит, Гужень, Китай;;;10;1;1;нет;Металл гальванированный;металл стекло;Стекло;4;40W;Светильник подвесной Arte Lamp Edison A1402SP-1SS;230V;Нет;TC RU C-IT.MO07.B.00066;220418;ООО «Центр аналитических технологий «Прогресс»;E27;03/021/0154;Standard;Нет;Decorative Modern;;EDISON;03.10.2019;03.10.14 00:00;GA1402 - плафон;Модерн;393;10;накал;incandescent;Светильник подвесной;Pendant Lamp;СВІТИЛЬНИК ПIДВIСНИЙ;Модерн;Да;Матовое серебро;;#ffffff;27;19;0,85;;;90;;;скоба;;;;;;;;;;;;;;;;;Подвесы;;;95;1800;0;0;0;;;;;3814.00;RUB
a37d6861-97d8-11e3-a616-000c29ad8fa6;A1402SP-1SS;A1402SP-1SS СВЕТИЛЬНИК ПОДВЕСНОЙ;;IP20;ARTE LAMP;Подвесы;Да;4620009777015;A1402SP-1SS;;01.авг;0;18;/upload/iblock/9b2/9b2e01e76880c01d0cadd952104462d1.jpeg;;;27;;;;;;;;;;33;Каталог товаров;AA;19;50;19;Арте Ламп, 110, 1/Ф Парк Фук индастриал билдинг, 615-617, Тай Нань Вест стрит, Гужень, Китай;;;10;1;1;нет;Металл гальванированный;металл стекло;Стекло;4;40W;Светильник подвесной Arte Lamp Edison A1402SP-1SS;230V;Нет;TC RU C-IT.MO07.B.00066;220418;ООО «Центр аналитических технологий «Прогресс»;E27;03/021/0154;Standard;Нет;Decorative Modern;;EDISON;03.10.2019;03.10.14 00:00;GA1402 - плафон;Модерн;393;10;накал;incandescent;Светильник подвесной;Pendant Lamp;СВІТИЛЬНИК ПIДВIСНИЙ;Модерн;Да;Матовое серебро;;#ffffff;27;19;0,85;;;90;;;скоба;;;;;;;;;;;;;;;;;Подвесы;;;95;1800;0;0;0;;;;;3814.00;RUB
a37d686f-97d8-11e3-a616-000c29ad8fa6;A1403SP-1SS;A1403SP-1SS СВЕТИЛЬНИК ПОДВЕСНОЙ;;IP20;ARTE LAMP;Подвесы;Да;4620009777022;A1403SP-1SS;;Товар;0;18;/upload/iblock/9bd/9bdf7b16c4f9629c0e08a429dc38fc20.jpeg;;;60;;;;;;;;;;52;Каталог товаров;NEW;29;36;29;Арте Ламп, 110, 1/Ф Парк Фук индастриал билдинг, 615-617, Тай Нань Вест стрит, Гужень, Китай;;;10;1;1;нет;Металл гальванированный;металл стекло;Стекло;1;40W;Светильник подвесной Arte Lamp Edison A1403SP-1SS;230V;Нет;TC RU C-IT.MO07.B.00066;220418;ООО «Центр аналитических технологий «Прогресс»;E27;03/021/0155;Standard;Нет;Decorative Modern;;EDISON;03.10.2019;03.10.14 00:00;GA1403 - плафон;Модерн;393;10;накал;incandescent;Светильник подвесной;Pendant Lamp;СВІТИЛЬНИК ПIДВIСНИЙ;Модерн;Да;Матовое серебро;;#ffffff;33;29;1,85;;;65;;;скоба;;;;;;;;;;;;;;;;;Подвесы;;;10;3500;0;0;0;;;;;5697.00;RUB
a37d686f-97d8-11e3-a616-000c29ad8fa6;A1403SP-1SS;A1403SP-1SS СВЕТИЛЬНИК ПОДВЕСНОЙ;;IP20;ARTE LAMP;Подвесы;Да;4620009777022;A1403SP-1SS;;Товар;0;18;/upload/iblock/9bd/9bdf7b16c4f9629c0e08a429dc38fc20.jpeg;;;60;;;;;;;;;;52;Каталог товаров;NEW;29;36;29;Арте Ламп, 110, 1/Ф Парк Фук индастриал билдинг, 615-617, Тай Нань Вест стрит, Гужень, Китай;;;10;1;1;нет;Металл гальванированный;металл стекло;Стекло;1;40W;Светильник подвесной Arte Lamp Edison A1403SP-1SS;230V;Нет;TC RU C-IT.MO07.B.00066;220418;ООО «Центр аналитических технологий «Прогресс»;E27;03/021/0155;Standard;Нет;Decorative Modern;;EDISON;03.10.2019;03.10.14 00:00;GA1403 - плафон;Модерн;393;10;накал;incandescent;Светильник подвесной;Pendant Lamp;СВІТИЛЬНИК ПIДВIСНИЙ;Модерн;Да;Матовое серебро;;#ffffff;33;29;1,85;;;65;;;скоба;;;;;;;;;;;;;;;;;Подвесы;;;10;3500;0;0;0;;;;;5697.00;RUB
a37d686f-97d8-11e3-a616-000c29ad8fa6;A1403SP-1SS;A1403SP-1SS СВЕТИЛЬНИК ПОДВЕСНОЙ;;IP20;ARTE LAMP;Подвесы;Да;4620009777022;A1403SP-1SS;;03.май;0;18;/upload/iblock/9bd/9bdf7b16c4f9629c0e08a429dc38fc20.jpeg;;;60;;;;;;;;;;52;Каталог товаров;NEW;29;36;29;Арте Ламп, 110, 1/Ф Парк Фук индастриал билдинг, 615-617, Тай Нань Вест стрит, Гужень, Китай;;;10;1;1;нет;Металл гальванированный;металл стекло;Стекло;1;40W;Светильник подвесной Arte Lamp Edison A1403SP-1SS;230V;Нет;TC RU C-IT.MO07.B.00066;220418;ООО «Центр аналитических технологий «Прогресс»;E27;03/021/0155;Standard;Нет;Decorative Modern;;EDISON;03.10.2019;03.10.14 00:00;GA1403 - плафон;Модерн;393;10;накал;incandescent;Светильник подвесной;Pendant Lamp;СВІТИЛЬНИК ПIДВIСНИЙ;Модерн;Да;Матовое серебро;;#ffffff;33;29;1,85;;;65;;;скоба;;;;;;;;;;;;;;;;;Подвесы;;;10;3500;0;0;0;;;;;5697.00;RUB
0580a548-a0a5-11e4-afb5-000c29ad8fa6;A1508SP-1BR;A1508SP-1BR СВЕТИЛЬНИК ПОДВЕСНОЙ;;IP20;ARTE LAMP;Подвесы;Да;4640015244288;A1508SP-1BR;;Товар;0;18;/upload/iblock/08d/08d8838f13f9a87535b7ab8ef7180733.jpeg;;;38;;;;;;;;;;33;;BB;33;34;33;Арте Ламп, 110, 1/Ф Парк Фук индастриал билдинг, 615-617, Тай Нань Вест стрит, Гужень, Китай;;;10;1;1;;Металл;металл металл;Металл;1;60W;Светильник подвесной ARTE LAMP TRENDY A1508SP-1BR;230V;Нет;TC RU C-IT.MO07.B.00066;220418;ООО «Центр аналитических технологий «Прогресс»;E27;06/004/0214;;Нет;Furniture & Table Lamps;;TRENDY;03.10.2019;03.10.14 00:00;;Кантри;30;10;накал;incandescent;Светильник подвесной;Pendant Lamp;СВІТИЛЬНИК ПIДВIСНИЙ;Классика;;Коричневый;;;34;33;1,1;;;87;;;скоба;;;;;;;;;;;;;;;;;Подвесы;;;98;1400;0;0;0;;;;;3558.00;RUB
0580a548-a0a5-11e4-afb5-000c29ad8fa6;A1508SP-1BR;A1508SP-1BR СВЕТИЛЬНИК ПОДВЕСНОЙ;;IP20;ARTE LAMP;Подвесы;Да;4640015244288;A1508SP-1BR;;Товар;0;18;/upload/iblock/08d/08d8838f13f9a87535b7ab8ef7180733.jpeg;;;38;;;;;;;;;;33;;BB;33;34;33;Арте Ламп, 110, 1/Ф Парк Фук индастриал билдинг, 615-617, Тай Нань Вест стрит, Гужень, Китай;;;10;1;1;;Металл;металл металл;Металл;1;60W;Светильник подвесной ARTE LAMP TRENDY A1508SP-1BR;230V;Нет;TC RU C-IT.MO07.B.00066;220418;ООО «Центр аналитических технологий «Прогресс»;E27;06/004/0214;;Нет;Furniture & Table Lamps;;TRENDY;03.10.2019;03.10.14 00:00;;Кантри;30;10;накал;incandescent;Светильник подвесной;Pendant Lamp;СВІТИЛЬНИК ПIДВIСНИЙ;Классика;;Коричневый;;;34;33;1,1;;;87;;;скоба;;;;;;;;;;;;;;;;;Подвесы;;;98;1400;0;0;0;;;;;3558.00;RUB
0580a548-a0a5-11e4-afb5-000c29ad8fa6;A1508SP-1BR;A1508SP-1BR СВЕТИЛЬНИК ПОДВЕСНОЙ;;IP20;ARTE LAMP;Подвесы;Да;4640015244288;A1508SP-1BR;;01.апр;0;18;/upload/iblock/08d/08d8838f13f9a87535b7ab8ef7180733.jpeg;;;38;;;;;;;;;;33;;BB;33;34;33;Арте Ламп, 110, 1/Ф Парк Фук индастриал билдинг, 615-617, Тай Нань Вест стрит, Гужень, Китай;;;10;1;1;;Металл;металл металл;Металл;1;60W;Светильник подвесной ARTE LAMP TRENDY A1508SP-1BR;230V;Нет;TC RU C-IT.MO07.B.00066;220418;ООО «Центр аналитических технологий «Прогресс»;E27;06/004/0214;;Нет;Furniture & Table Lamps;;TRENDY;03.10.2019;03.10.14 00:00;;Кантри;30;10;накал;incandescent;Светильник подвесной;Pendant Lamp;СВІТИЛЬНИК ПIДВIСНИЙ;Классика;;Коричневый;;;34;33;1,1;;;87;;;скоба;;;;;;;;;;;;;;;;;Подвесы;;;98;1400;0;0;0;;;;;3558.00;RUB
b69c1335-97d8-11e3-a616-000c29ad8fa6;A1703SP-3BR;A1703SP-3BR СВЕТИЛЬНИК ПОДВЕСНОЙ;;IP20;ARTE LAMP;Подвесы;Да;4620009777817;A1703SP-3BR;;Товар;0;18;/upload/iblock/828/828de6de6bce77d873b0314cc320df37.jpeg;;;49;;;;;;;;;;44;Каталог товаров;AB;40;42;40;Арте Ламп, 110, 1/Ф Парк Фук индастриал билдинг, 615-617, Тай Нань Вест стрит, Гужень, Китай;;;10;3;3;нет;Металл крашеный;металл;;1;40W;Светильник подвесной Arte Lamp Kopernik A1703SP-3BR;230V;Нет;TC RU C-IT.MO07.B.00066;220418;ООО «Центр аналитических технологий «Прогресс»;E14;03/010/0242;Premium;Нет;Decorative Modern;;KOPERNIK;03.10.2019;03.10.14 00:00;;Кантри;380;10;накал;incandescent;Светильник подвесной;Pendant Lamp;СВІТИЛЬНИК ПIДВIСНИЙ;Модерн;Да;Коричневый;;#ffffff;41;40;2,7;;;70;;;крючок;;;;;;;;;;;;;;;;;Подвесы;;;16;4400;0;0;0;;;;;8087.00;RUB
b69c1335-97d8-11e3-a616-000c29ad8fa6;A1703SP-3BR;A1703SP-3BR СВЕТИЛЬНИК ПОДВЕСНОЙ;;IP20;ARTE LAMP;Подвесы;Да;4620009777817;A1703SP-3BR;;Товар;0;18;/upload/iblock/828/828de6de6bce77d873b0314cc320df37.jpeg;;;49;;;;;;;;;;44;Каталог товаров;AB;40;42;40;Арте Ламп, 110, 1/Ф Парк Фук индастриал билдинг, 615-617, Тай Нань Вест стрит, Гужень, Китай;;;10;3;3;нет;Металл крашеный;металл;;1;40W;Светильник подвесной Arte Lamp Kopernik A1703SP-3BR;230V;Нет;TC RU C-IT.MO07.B.00066;220418;ООО «Центр аналитических технологий «Прогресс»;E14;03/010/0242;Premium;Нет;Decorative Modern;;KOPERNIK;03.10.2019;03.10.14 00:00;;Кантри;380;10;накал;incandescent;Светильник подвесной;Pendant Lamp;СВІТИЛЬНИК ПIДВIСНИЙ;Модерн;Да;Коричневый;;#ffffff;41;40;2,7;;;70;;;крючок;;;;;;;;;;;;;;;;;Подвесы;;;16;4400;0;0;0;;;;;8087.00;RUB
b69c1335-97d8-11e3-a616-000c29ad8fa6;A1703SP-3BR;A1703SP-3BR СВЕТИЛЬНИК ПОДВЕСНОЙ;;IP20;ARTE LAMP;Подвесы;Да;4620009777817;A1703SP-3BR;;04.апр;0;18;/upload/iblock/828/828de6de6bce77d873b0314cc320df37.jpeg;;;49;;;;;;;;;;44;Каталог товаров;AB;40;42;40;Арте Ламп, 110, 1/Ф Парк Фук индастриал билдинг, 615-617, Тай Нань Вест стрит, Гужень, Китай;;;10;3;3;нет;Металл крашеный;металл;;1;40W;Светильник подвесной Arte Lamp Kopernik A1703SP-3BR;230V;Нет;TC RU C-IT.MO07.B.00066;220418;ООО «Центр аналитических технологий «Прогресс»;E14;03/010/0242;Premium;Нет;Decorative Modern;;KOPERNIK;03.10.2019;03.10.14 00:00;;Кантри;380;10;накал;incandescent;Светильник подвесной;Pendant Lamp;СВІТИЛЬНИК ПIДВIСНИЙ;Модерн;Да;Коричневый;;#ffffff;41;40;2,7;;;70;;;крючок;;;;;;;;;;;;;;;;;Подвесы;;;16;4400;0;0;0;;;;;8087.00;RUB
b69c1342-97d8-11e3-a616-000c29ad8fa6;A1703SP-5BR;A1703SP-5BR СВЕТИЛЬНИК ПОДВЕСНОЙ;;IP20;ARTE LAMP;Подвесы;Да;4620009777824;A1703SP-5BR;;Товар;0;18;/upload/iblock/6bb/6bb3d42c0c4384b8a1c8f6200e57d7c0.jpeg;;;60;;;;;;;;;;60;Каталог товаров;AA;56;66;56;Арте Ламп, 110, 1/Ф Парк Фук индастриал билдинг, 615-617, Тай Нань Вест стрит, Гужень, Китай;;;10;5;5;нет;Металл крашеный;металл;;1;40W;Светильник подвесной Arte Lamp Kopernik A1703SP-5BR;230V;Нет;TC RU C-IT.MO07.B.00066;220418;ООО «Центр аналитических технологий «Прогресс»;E14;03/010/0243;Premium;Нет;Decorative Modern;;KOPERNIK;03.10.2019;03.10.14 00:00;;Кантри;380;10;накал;incandescent;Светильник подвесной;Pendant Lamp;СВІТИЛЬНИК ПIДВIСНИЙ;Модерн;Да;Коричневый;;#ffffff;59;56;3,8;;;70;;;крючок;;incl;;;;;;;;;;;;;;;Подвесы;;;1;6200;0;0;0;;;;;12846.00;RUB
b69c1342-97d8-11e3-a616-000c29ad8fa6;A1703SP-5BR;A1703SP-5BR СВЕТИЛЬНИК ПОДВЕСНОЙ;;IP20;ARTE LAMP;Подвесы;Да;4620009777824;A1703SP-5BR;;Товар;0;18;/upload/iblock/6bb/6bb3d42c0c4384b8a1c8f6200e57d7c0.jpeg;;;60;;;;;;;;;;60;Каталог товаров;AA;56;66;56;Арте Ламп, 110, 1/Ф Парк Фук индастриал билдинг, 615-617, Тай Нань Вест стрит, Гужень, Китай;;;10;5;5;нет;Металл крашеный;металл;;1;40W;Светильник подвесной Arte Lamp Kopernik A1703SP-5BR;230V;Нет;TC RU C-IT.MO07.B.00066;220418;ООО «Центр аналитических технологий «Прогресс»;E14;03/010/0243;Premium;Нет;Decorative Modern;;KOPERNIK;03.10.2019;03.10.14 00:00;;Кантри;380;10;накал;incandescent;Светильник подвесной;Pendant Lamp;СВІТИЛЬНИК ПIДВIСНИЙ;Модерн;Да;Коричневый;;#ffffff;59;56;3,8;;;70;;;крючок;;incl;;;;;;;;;;;;;;;Подвесы;;;1;6200;0;0;0;;;;;12846.00;RUB
b69c1342-97d8-11e3-a616-000c29ad8fa6;A1703SP-5BR;A1703SP-5BR СВЕТИЛЬНИК ПОДВЕСНОЙ;;IP20;ARTE LAMP;Подвесы;Да;4620009777824;A1703SP-5BR;;06.фев;0;18;/upload/iblock/6bb/6bb3d42c0c4384b8a1c8f6200e57d7c0.jpeg;;;60;;;;;;;;;;60;Каталог товаров;AA;56;66;56;Арте Ламп, 110, 1/Ф Парк Фук индастриал билдинг, 615-617, Тай Нань Вест стрит, Гужень, Китай;;;10;5;5;нет;Металл крашеный;металл;;1;40W;Светильник подвесной Arte Lamp Kopernik A1703SP-5BR;230V;Нет;TC RU C-IT.MO07.B.00066;220418;ООО «Центр аналитических технологий «Прогресс»;E14;03/010/0243;Premium;Нет;Decorative Modern;;KOPERNIK;03.10.2019;03.10.14 00:00;;Кантри;380;10;накал;incandescent;Светильник подвесной;Pendant Lamp;СВІТИЛЬНИК ПIДВIСНИЙ;Модерн;Да;Коричневый;;#ffffff;59;56;3,8;;;70;;;крючок;;incl;;;;;;;;;;;;;;;Подвесы;;;1;6200;0;0;0;;;;;12846.00;RUB
b0388b85-97d8-11e3-a616-000c29ad8fa6;A1795SP-1RI;A1795SP-1RI СВЕТИЛЬНИК ПОДВЕСНОЙ;;IP20;ARTE LAMP;Подвесы;Да;4620009777510;A1795SP-1RI;;Товар;0;18;/upload/iblock/c57/c57bd8d8807b415f2ee5684d2f8abf4a.jpeg;;;16;;;;;;;;;;12;Каталог товаров;NEW;12;18;12;Арте Ламп, 110, 1/Ф Парк Фук индастриал билдинг, 615-617, Тай Нань Вест стрит, Гужень, Китай;;;10;1;1;нет;Металл крашеный;металл;Металл крашеный;10;40W;Светильник подвесной Arte Lamp Bells A1795SP-1RI;230V;Нет;TC RU C-IT.MO07.B.00066;220418;ООО «Центр аналитических технологий «Прогресс»;E27;04/019/0259;Standard;Нет;Pendants;;BELLS;03.10.2019;03.10.14 00:00;GA1795 - плафон;Флористика;468;10;накал;incandescent;Светильник подвесной;Pendant Lamp;СВІТИЛЬНИК ПIДВIСНИЙ;Модерн;Да;Старое железо;;#ffffff;18;12;0,5;;;100;;;крючок;;;;;;;;;;;;;;;;;Подвесы;;;42;650;0;0;0;;;;;1979.00;RUB
b0388b85-97d8-11e3-a616-000c29ad8fa6;A1795SP-1RI;A1795SP-1RI СВЕТИЛЬНИК ПОДВЕСНОЙ;;IP20;ARTE LAMP;Подвесы;Да;4620009777510;A1795SP-1RI;;Товар;0;18;/upload/iblock/c57/c57bd8d8807b415f2ee5684d2f8abf4a.jpeg;;;16;;;;;;;;;;12;Каталог товаров;NEW;12;18;12;Арте Ламп, 110, 1/Ф Парк Фук индастриал билдинг, 615-617, Тай Нань Вест стрит, Гужень, Китай;;;10;1;1;нет;Металл крашеный;металл;Металл крашеный;10;40W;Светильник подвесной Arte Lamp Bells A1795SP-1RI;230V;Нет;TC RU C-IT.MO07.B.00066;220418;ООО «Центр аналитических технологий «Прогресс»;E27;04/019/0259;Standard;Нет;Pendants;;BELLS;03.10.2019;03.10.14 00:00;GA1795 - плафон;Флористика;468;10;накал;incandescent;Светильник подвесной;Pendant Lamp;СВІТИЛЬНИК ПIДВIСНИЙ;Модерн;Да;Старое железо;;#ffffff;18;12;0,5;;;100;;;крючок;;;;;;;;;;;;;;;;;Подвесы;;;42;650;0;0;0;;;;;1979.00;RUB
b0388b85-97d8-11e3-a616-000c29ad8fa6;A1795SP-1RI;A1795SP-1RI СВЕТИЛЬНИК ПОДВЕСНОЙ;;IP20;ARTE LAMP;Подвесы;Да;4620009777510;A1795SP-1RI;;0.65;0;18;/upload/iblock/c57/c57bd8d8807b415f2ee5684d2f8abf4a.jpeg;;;16;;;;;;;;;;12;Каталог товаров;NEW;12;18;12;Арте Ламп, 110, 1/Ф Парк Фук индастриал билдинг, 615-617, Тай Нань Вест стрит, Гужень, Китай;;;10;1;1;нет;Металл крашеный;металл;Металл крашеный;10;40W;Светильник подвесной Arte Lamp Bells A1795SP-1RI;230V;Нет;TC RU C-IT.MO07.B.00066;220418;ООО «Центр аналитических технологий «Прогресс»;E27;04/019/0259;Standard;Нет;Pendants;;BELLS;03.10.2019;03.10.14 00:00;GA1795 - плафон;Флористика;468;10;накал;incandescent;Светильник подвесной;Pendant Lamp;СВІТИЛЬНИК ПIДВIСНИЙ;Модерн;Да;Старое железо;;#ffffff;18;12;0,5;;;100;;;крючок;;;;;;;;;;;;;;;;;Подвесы;;;42;650;0;0;0;;;;;1979.00;RUB
b0388b93-97d8-11e3-a616-000c29ad8fa6;A1796SP-1BG;A1796SP-1BG СВЕТИЛЬНИК ПОДВЕСНОЙ;;IP20;ARTE LAMP;Подвесы;Да;4620009777527;A1796SP-1BG;;Товар;0;18;/upload/iblock/2c6/2c69c6be3a96a65bc7841a4d290ca31c.jpeg;;;24;;;;;;;;;;20;Каталог товаров;NEW;11;14;11;Арте Ламп, 110, 1/Ф Парк Фук индастриал билдинг, 615-617, Тай Нань Вест стрит, Гужень, Китай;;;10;1;1;нет;Металл крашеный;металл;Металл крашеный;10;40W;Светильник подвесной Arte Lamp Bells A1796SP-1BG;230V;Нет;TC RU C-IT.MO07.B.00066;220418;ООО «Центр аналитических технологий «Прогресс»;E27;04/019/0260;Standard;Нет;Pendants;;BELLS;03.10.2019;03.10.14 00:00;GA1796 - плафон;Флористика;468;10;накал;incandescent;Светильник подвесной;Pendant Lamp;СВІТИЛЬНИК ПIДВIСНИЙ;Модерн;Да;Старая медь;;#ffffff;14;11;0,6;;;70;;;крючок;;;;;;;;;;;;;;;;;Подвесы;;;1;720;0;0;0;;;;;2836.00;RUB
b0388b93-97d8-11e3-a616-000c29ad8fa6;A1796SP-1BG;A1796SP-1BG СВЕТИЛЬНИК ПОДВЕСНОЙ;;IP20;ARTE LAMP;Подвесы;Да;4620009777527;A1796SP-1BG;;Товар;0;18;/upload/iblock/2c6/2c69c6be3a96a65bc7841a4d290ca31c.jpeg;;;24;;;;;;;;;;20;Каталог товаров;NEW;11;14;11;Арте Ламп, 110, 1/Ф Парк Фук индастриал билдинг, 615-617, Тай Нань Вест стрит, Гужень, Китай;;;10;1;1;нет;Металл крашеный;металл;Металл крашеный;10;40W;Светильник подвесной Arte Lamp Bells A1796SP-1BG;230V;Нет;TC RU C-IT.MO07.B.00066;220418;ООО «Центр аналитических технологий «Прогресс»;E27;04/019/0260;Standard;Нет;Pendants;;BELLS;03.10.2019;03.10.14 00:00;GA1796 - плафон;Флористика;468;10;накал;incandescent;Светильник подвесной;Pendant Lamp;СВІТИЛЬНИК ПIДВIСНИЙ;Модерн;Да;Старая медь;;#ffffff;14;11;0,6;;;70;;;крючок;;;;;;;;;;;;;;;;;Подвесы;;;1;720;0;0;0;;;;;2836.00;RUB
b0388b93-97d8-11e3-a616-000c29ad8fa6;A1796SP-1BG;A1796SP-1BG СВЕТИЛЬНИК ПОДВЕСНОЙ;;IP20;ARTE LAMP;Подвесы;Да;4620009777527;A1796SP-1BG;;0.72;0;18;/upload/iblock/2c6/2c69c6be3a96a65bc7841a4d290ca31c.jpeg;;;24;;;;;;;;;;20;Каталог товаров;NEW;11;14;11;Арте Ламп, 110, 1/Ф Парк Фук индастриал билдинг, 615-617, Тай Нань Вест стрит, Гужень, Китай;;;10;1;1;нет;Металл крашеный;металл;Металл крашеный;10;40W;Светильник подвесной Arte Lamp Bells A1796SP-1BG;230V;Нет;TC RU C-IT.MO07.B.00066;220418;ООО «Центр аналитических технологий «Прогресс»;E27;04/019/0260;Standard;Нет;Pendants;;BELLS;03.10.2019;03.10.14 00:00;GA1796 - плафон;Флористика;468;10;накал;incandescent;Светильник подвесной;Pendant Lamp;СВІТИЛЬНИК ПIДВIСНИЙ;Модерн;Да;Старая медь;;#ffffff;14;11;0,6;;;70;;;крючок;;;;;;;;;;;;;;;;;Подвесы;;;1;720;0;0;0;;;;;2836.00;RUB
b69c1328-97d8-11e3-a616-000c29ad8fa6;A1865SP-3BG;A1865SP-3BG СВЕТИЛЬНИК ПОДВЕСНОЙ;;IP20;ARTE LAMP;Подвесы;Да;4620009777800;A1865SP-3BG;;Товар;0;18;/upload/iblock/cd3/cd36010ef61fc3fad26fb2018d486b95.jpeg;;;66;;;;;;;;;;62;Каталог товаров;AB;31;34;31;Арте Ламп, 110, 1/Ф Парк Фук индастриал билдинг, 615-617, Тай Нань Вест стрит, Гужень, Китай;;;10;3;3;нет;Металл крашеный;металл;;1;40W;Светильник подвесной Arte Lamp Gabbia A1865SP-3BG;230V;Нет;TC RU C-IT.MO07.B.00066;220418;ООО «Центр аналитических технологий «Прогресс»;E14;04/013/0278;Standard;Нет;Pendants;;GABBIA;03.10.2019;03.10.14 00:00;;Флористика;464;10;накал;incandescent;Светильник подвесной;Pendant Lamp;СВІТИЛЬНИК ПIДВIСНИЙ;Классика;Да;Старая медь;;#000000;34;31;2,6;;;70;;;крючок;;;;;;;;;;;;;;;;;Подвесы;;;1;3780;0;0;0;;;;;10709.00;RUB
b69c1328-97d8-11e3-a616-000c29ad8fa6;A1865SP-3BG;A1865SP-3BG СВЕТИЛЬНИК ПОДВЕСНОЙ;;IP20;ARTE LAMP;Подвесы;Да;4620009777800;A1865SP-3BG;;Товар;0;18;/upload/iblock/cd3/cd36010ef61fc3fad26fb2018d486b95.jpeg;;;66;;;;;;;;;;62;Каталог товаров;AB;31;34;31;Арте Ламп, 110, 1/Ф Парк Фук индастриал билдинг, 615-617, Тай Нань Вест стрит, Гужень, Китай;;;10;3;3;нет;Металл крашеный;металл;;1;40W;Светильник подвесной Arte Lamp Gabbia A1865SP-3BG;230V;Нет;TC RU C-IT.MO07.B.00066;220418;ООО «Центр аналитических технологий «Прогресс»;E14;04/013/0278;Standard;Нет;Pendants;;GABBIA;03.10.2019;03.10.14 00:00;;Флористика;464;10;накал;incandescent;Светильник подвесной;Pendant Lamp;СВІТИЛЬНИК ПIДВIСНИЙ;Классика;Да;Старая медь;;#000000;34;31;2,6;;;70;;;крючок;;;;;;;;;;;;;;;;;Подвесы;;;1;3780;0;0;0;;;;;10709.00;RUB
b69c1328-97d8-11e3-a616-000c29ad8fa6;A1865SP-3BG;A1865SP-3BG СВЕТИЛЬНИК ПОДВЕСНОЙ;;IP20;ARTE LAMP;Подвесы;Да;4620009777800;A1865SP-3BG;;03.78;0;18;/upload/iblock/cd3/cd36010ef61fc3fad26fb2018d486b95.jpeg;;;66;;;;;;;;;;62;Каталог товаров;AB;31;34;31;Арте Ламп, 110, 1/Ф Парк Фук индастриал билдинг, 615-617, Тай Нань Вест стрит, Гужень, Китай;;;10;3;3;нет;Металл крашеный;металл;;1;40W;Светильник подвесной Arte Lamp Gabbia A1865SP-3BG;230V;Нет;TC RU C-IT.MO07.B.00066;220418;ООО «Центр аналитических технологий «Прогресс»;E14;04/013/0278;Standard;Нет;Pendants;;GABBIA;03.10.2019;03.10.14 00:00;;Флористика;464;10;накал;incandescent;Светильник подвесной;Pendant Lamp;СВІТИЛЬНИК ПIДВIСНИЙ;Классика;Да;Старая медь;;#000000;34;31;2,6;;;70;;;крючок;;;;;;;;;;;;;;;;;Подвесы;;;1;3780;0;0;0;;;;;10709.00;RUB
b0388be5-97d8-11e3-a616-000c29ad8fa6;A1878SP-3WG;A1878SP-3WG СВЕТИЛЬНИК ПОДВЕСНОЙ;;IP20;ARTE LAMP;Подвесы;Да;4620009777589;A1878SP-3WG;;Товар;0;18;/upload/iblock/d2a/d2ab5c56a4efb010f5f4587fc7e0fd6b.jpeg;;;49;;;;;;;;;;40;Каталог товаров;AB;32;34;32;Арте Ламп, 110, 1/Ф Парк Фук индастриал билдинг, 615-617, Тай Нань Вест стрит, Гужень, Китай;;;10;3;3;нет;Металл крашеный;металл;;1;40W;Светильник подвесной Arte Lamp Gabbia A1878SP-3WG;230V;Нет;TC RU C-IT.MO07.B.00066;220418;ООО «Центр аналитических технологий «Прогресс»;E14;04/013/0286;Standard;Нет;Pendants;;GABBIA;03.10.2019;03.10.14 00:00;;Флористика;464;10;накал;incandescent;Светильник подвесной;Pendant Lamp;СВІТИЛЬНИК ПIДВIСНИЙ;Классика;Да;БЕЛО-ЗОЛОТОЙ;;#000000;34;32;1,9;;;70;;;крючок;;;;;;;;;;;;;;;;;Подвесы;;;0;3100;0;0;0;;;;;7512.00;RUB
b0388be5-97d8-11e3-a616-000c29ad8fa6;A1878SP-3WG;A1878SP-3WG СВЕТИЛЬНИК ПОДВЕСНОЙ;;IP20;ARTE LAMP;Подвесы;Да;4620009777589;A1878SP-3WG;;Товар;0;18;/upload/iblock/d2a/d2ab5c56a4efb010f5f4587fc7e0fd6b.jpeg;;;49;;;;;;;;;;40;Каталог товаров;AB;32;34;32;Арте Ламп, 110, 1/Ф Парк Фук индастриал билдинг, 615-617, Тай Нань Вест стрит, Гужень, Китай;;;10;3;3;нет;Металл крашеный;металл;;1;40W;Светильник подвесной Arte Lamp Gabbia A1878SP-3WG;230V;Нет;TC RU C-IT.MO07.B.00066;220418;ООО «Центр аналитических технологий «Прогресс»;E14;04/013/0286;Standard;Нет;Pendants;;GABBIA;03.10.2019;03.10.14 00:00;;Флористика;464;10;накал;incandescent;Светильник подвесной;Pendant Lamp;СВІТИЛЬНИК ПIДВIСНИЙ;Классика;Да;БЕЛО-ЗОЛОТОЙ;;#000000;34;32;1,9;;;70;;;крючок;;;;;;;;;;;;;;;;;Подвесы;;;0;3100;0;0;0;;;;;7512.00;RUB
b0388be5-97d8-11e3-a616-000c29ad8fa6;A1878SP-3WG;A1878SP-3WG СВЕТИЛЬНИК ПОДВЕСНОЙ;;IP20;ARTE LAMP;Подвесы;Да;4620009777589;A1878SP-3WG;;03.янв;0;18;/upload/iblock/d2a/d2ab5c56a4efb010f5f4587fc7e0fd6b.jpeg;;;49;;;;;;;;;;40;Каталог товаров;AB;32;34;32;Арте Ламп, 110, 1/Ф Парк Фук индастриал билдинг, 615-617, Тай Нань Вест стрит, Гужень, Китай;;;10;3;3;нет;Металл крашеный;металл;;1;40W;Светильник подвесной Arte Lamp Gabbia A1878SP-3WG;230V;Нет;TC RU C-IT.MO07.B.00066;220418;ООО «Центр аналитических технологий «Прогресс»;E14;04/013/0286;Standard;Нет;Pendants;;GABBIA;03.10.2019;03.10.14 00:00;;Флористика;464;10;накал;incandescent;Светильник подвесной;Pendant Lamp;СВІТИЛЬНИК ПIДВIСНИЙ;Классика;Да;БЕЛО-ЗОЛОТОЙ;;#000000;34;32;1,9;;;70;;;крючок;;;;;;;;;;;;;;;;;Подвесы;;;0;3100;0;0;0;;;;;7512.00;RUB
221aa563-5b2e-11e2-a0fb-000c29ad8fa6;A2030SP-1WA;A2030SP-1WA СВЕТИЛЬНИК ПОДВЕСНОЙ;;IP20;ARTE LAMP;Подвесы;Да;4620009772287;A2030SP-1WA;;Товар;0;18;/upload/iblock/636/6362e78a4ccbe97b5b1f628dc5ccab91.jpeg;;;32;;;;;;;;;;30;Каталог товаров;AA;35;37;35;Арте Ламп, 110, 1/Ф Парк Фук индастриал билдинг, 615-617, Тай Нань Вест стрит, Гужень, Китай;Бау,Комисс;СД1;10;1;1;incl;Металл крашенный;металл;Металл крашенный;1;75W;Светильник подвесной Arte Lamp Maestro A2030SP-1WA;230V;Нет;TC RU C-IT.MO07.B.00066;220418;ООО «Центр аналитических технологий «Прогресс»;E27;02/129/0304;Standard;Нет;Decorative Classic;;MAESTRO;03.10.2019;03.10.14 00:00;GA2030S - плафон;Классика;226;10;накал;incandescent;Светильник подвесной;Pendant Lamp;СВІТИЛЬНИК ПIДВIСНИЙ;Классика;Да;Античный белый;Белый;#000000;37;35;1,08;;;120;G;;скоба;;;1 x 750;;;;;;;;;;;;;;Подвесы;;;156;1850;0;0;0;;;;;5526.00;RUB
221aa563-5b2e-11e2-a0fb-000c29ad8fa6;A2030SP-1WA;A2030SP-1WA СВЕТИЛЬНИК ПОДВЕСНОЙ;;IP20;ARTE LAMP;Подвесы;Да;4620009772287;A2030SP-1WA;;Товар;0;18;/upload/iblock/636/6362e78a4ccbe97b5b1f628dc5ccab91.jpeg;;;32;;;;;;;;;;30;Каталог товаров;AA;35;37;35;Арте Ламп, 110, 1/Ф Парк Фук индастриал билдинг, 615-617, Тай Нань Вест стрит, Гужень, Китай;Бау,Комисс;СД1;10;1;1;incl;Металл крашенный;металл;Металл крашенный;1;75W;Светильник подвесной Arte Lamp Maestro A2030SP-1WA;230V;Нет;TC RU C-IT.MO07.B.00066;220418;ООО «Центр аналитических технологий «Прогресс»;E27;02/129/0304;Standard;Нет;Decorative Classic;;MAESTRO;03.10.2019;03.10.14 00:00;GA2030S - плафон;Классика;226;10;накал;incandescent;Светильник подвесной;Pendant Lamp;СВІТИЛЬНИК ПIДВIСНИЙ;Классика;Да;Античный белый;Белый;#000000;37;35;1,08;;;120;G;;скоба;;;1 x 750;;;;;;;;;;;;;;Подвесы;;;156;1850;0;0;0;;;;;5526.00;RUB
221aa563-5b2e-11e2-a0fb-000c29ad8fa6;A2030SP-1WA;A2030SP-1WA СВЕТИЛЬНИК ПОДВЕСНОЙ;;IP20;ARTE LAMP;Подвесы;Да;4620009772287;A2030SP-1WA;;01.85;0;18;/upload/iblock/636/6362e78a4ccbe97b5b1f628dc5ccab91.jpeg;;;32;;;;;;;;;;30;Каталог товаров;AA;35;37;35;Арте Ламп, 110, 1/Ф Парк Фук индастриал билдинг, 615-617, Тай Нань Вест стрит, Гужень, Китай;Бау,Комисс;СД1;10;1;1;incl;Металл крашенный;металл;Металл крашенный;1;75W;Светильник подвесной Arte Lamp Maestro A2030SP-1WA;230V;Нет;TC RU C-IT.MO07.B.00066;220418;ООО «Центр аналитических технологий «Прогресс»;E27;02/129/0304;Standard;Нет;Decorative Classic;;MAESTRO;03.10.2019;03.10.14 00:00;GA2030S - плафон;Классика;226;10;накал;incandescent;Светильник подвесной;Pendant Lamp;СВІТИЛЬНИК ПIДВIСНИЙ;Классика;Да;Античный белый;Белый;#000000;37;35;1,08;;;120;G;;скоба;;;1 x 750;;;;;;;;;;;;;;Подвесы;;;156;1850;0;0;0;;;;;5526.00;RUB
221aa565-5b2e-11e2-a0fb-000c29ad8fa6;A2031SP-1WA;A2031SP-1WA СВЕТИЛЬНИК ПОДВЕСНОЙ;;IP20;ARTE LAMP;Подвесы;Да;4620009772294;A2031SP-1WA;;Товар;0;18;/upload/iblock/c22/c222fc928c9b61f056afcc2d5d9da1c1.jpeg;;;30;;;;;;;;;;32;Каталог товаров;AA;10;12;10;Арте Ламп, 110, 1/Ф Парк Фук индастриал билдинг, 615-617, Тай Нань Вест стрит, Гужень, Китай;Комисс;СД1;10;1;1;нет;Металл крашенный;металл;Металл крашенный;8;40W;Светильник подвесной Arte Lamp Maestro A2031SP-1WA;230V;Нет;TC RU C-IT.MO07.B.00066;220418;ООО «Центр аналитических технологий «Прогресс»;E14;02/129/0305;Standard;Нет;Decorative Classic;;MAESTRO;03.10.2019;03.10.14 00:00;GA2030M - плафон;Классика;227;10;накал;incandescent;Светильник подвесной;Pendant Lamp;СВІТИЛЬНИК ПIДВIСНИЙ;Классика;Да;Античный белый;Белый;#000000;12;10;0,54;;;120;;;скоба;;;;;;;;;;;;;;;;;Подвесы;;;73;730;0;0;0;;;;;2706.00;RUB
221aa565-5b2e-11e2-a0fb-000c29ad8fa6;A2031SP-1WA;A2031SP-1WA СВЕТИЛЬНИК ПОДВЕСНОЙ;;IP20;ARTE LAMP;Подвесы;Да;4620009772294;A2031SP-1WA;;Товар;0;18;/upload/iblock/c22/c222fc928c9b61f056afcc2d5d9da1c1.jpeg;;;30;;;;;;;;;;32;Каталог товаров;AA;10;12;10;Арте Ламп, 110, 1/Ф Парк Фук индастриал билдинг, 615-617, Тай Нань Вест стрит, Гужень, Китай;Комисс;СД1;10;1;1;нет;Металл крашенный;металл;Металл крашенный;8;40W;Светильник подвесной Arte Lamp Maestro A2031SP-1WA;230V;Нет;TC RU C-IT.MO07.B.00066;220418;ООО «Центр аналитических технологий «Прогресс»;E14;02/129/0305;Standard;Нет;Decorative Classic;;MAESTRO;03.10.2019;03.10.14 00:00;GA2030M - плафон;Классика;227;10;накал;incandescent;Светильник подвесной;Pendant Lamp;СВІТИЛЬНИК ПIДВIСНИЙ;Классика;Да;Античный белый;Белый;#000000;12;10;0,54;;;120;;;скоба;;;;;;;;;;;;;;;;;Подвесы;;;73;730;0;0;0;;;;;2706.00;RUB
221aa565-5b2e-11e2-a0fb-000c29ad8fa6;A2031SP-1WA;A2031SP-1WA СВЕТИЛЬНИК ПОДВЕСНОЙ;;IP20;ARTE LAMP;Подвесы;Да;4620009772294;A2031SP-1WA;;0.73;0;18;/upload/iblock/c22/c222fc928c9b61f056afcc2d5d9da1c1.jpeg;;;30;;;;;;;;;;32;Каталог товаров;AA;10;12;10;Арте Ламп, 110, 1/Ф Парк Фук индастриал билдинг, 615-617, Тай Нань Вест стрит, Гужень, Китай;Комисс;СД1;10;1;1;нет;Металл крашенный;металл;Металл крашенный;8;40W;Светильник подвесной Arte Lamp Maestro A2031SP-1WA;230V;Нет;TC RU C-IT.MO07.B.00066;220418;ООО «Центр аналитических технологий «Прогресс»;E14;02/129/0305;Standard;Нет;Decorative Classic;;MAESTRO;03.10.2019;03.10.14 00:00;GA2030M - плафон;Классика;227;10;накал;incandescent;Светильник подвесной;Pendant Lamp;СВІТИЛЬНИК ПIДВIСНИЙ;Классика;Да;Античный белый;Белый;#000000;12;10;0,54;;;120;;;скоба;;;;;;;;;;;;;;;;;Подвесы;;;73;730;0;0;0;;;;;2706.00;RUB
221aa567-5b2e-11e2-a0fb-000c29ad8fa6;A2031SP-3WA;A2031SP-3WA СВЕТИЛЬНИК ПОДВЕСНОЙ;;IP20;ARTE LAMP;Подвесы;Да;4620009772300;A2031SP-3WA;;Товар;0;18;/upload/iblock/656/656d9780748b8f9e1cdad5d89d058be6.jpeg;;;29;;;;;;;;;;32;Каталог товаров;AA;10;13;57;Арте Ламп, 110, 1/Ф Парк Фук индастриал билдинг, 615-617, Тай Нань Вест стрит, Гужень, Китай;Комисс;СД1;10;3;3;нет;Металл крашенный;металл;Металл крашенный;1;40W;Светильник подвесной Arte Lamp Maestro A2031SP-3WA;230V;Нет;TC RU C-IT.MO07.B.00066;220418;ООО «Центр аналитических технологий «Прогресс»;E14;02/129/0306;Standard;Нет;Decorative Classic;;MAESTRO;03.10.2019;03.10.14 00:00;GA2030M - плафон;Классика;227;10;накал;incandescent;Светильник подвесной;Pendant Lamp;СВІТИЛЬНИК ПIДВIСНИЙ;Классика;Да;Античный белый;Белый;#000000;59;10;1,65;;;120;;;скоба;;;;;;;;;;;;;;;;;Подвесы;;;7;2160;0;0;0;;;;;5487.00;RUB
221aa567-5b2e-11e2-a0fb-000c29ad8fa6;A2031SP-3WA;A2031SP-3WA СВЕТИЛЬНИК ПОДВЕСНОЙ;;IP20;ARTE LAMP;Подвесы;Да;4620009772300;A2031SP-3WA;;Товар;0;18;/upload/iblock/656/656d9780748b8f9e1cdad5d89d058be6.jpeg;;;29;;;;;;;;;;32;Каталог товаров;AA;10;13;57;Арте Ламп, 110, 1/Ф Парк Фук индастриал билдинг, 615-617, Тай Нань Вест стрит, Гужень, Китай;Комисс;СД1;10;3;3;нет;Металл крашенный;металл;Металл крашенный;1;40W;Светильник подвесной Arte Lamp Maestro A2031SP-3WA;230V;Нет;TC RU C-IT.MO07.B.00066;220418;ООО «Центр аналитических технологий «Прогресс»;E14;02/129/0306;Standard;Нет;Decorative Classic;;MAESTRO;03.10.2019;03.10.14 00:00;GA2030M - плафон;Классика;227;10;накал;incandescent;Светильник подвесной;Pendant Lamp;СВІТИЛЬНИК ПIДВIСНИЙ;Классика;Да;Античный белый;Белый;#000000;59;10;1,65;;;120;;;скоба;;;;;;;;;;;;;;;;;Подвесы;;;7;2160;0;0;0;;;;;5487.00;RUB
221aa567-5b2e-11e2-a0fb-000c29ad8fa6;A2031SP-3WA;A2031SP-3WA СВЕТИЛЬНИК ПОДВЕСНОЙ;;IP20;ARTE LAMP;Подвесы;Да;4620009772300;A2031SP-3WA;;02.16;0;18;/upload/iblock/656/656d9780748b8f9e1cdad5d89d058be6.jpeg;;;29;;;;;;;;;;32;Каталог товаров;AA;10;13;57;Арте Ламп, 110, 1/Ф Парк Фук индастриал билдинг, 615-617, Тай Нань Вест стрит, Гужень, Китай;Комисс;СД1;10;3;3;нет;Металл крашенный;металл;Металл крашенный;1;40W;Светильник подвесной Arte Lamp Maestro A2031SP-3WA;230V;Нет;TC RU C-IT.MO07.B.00066;220418;ООО «Центр аналитических технологий «Прогресс»;E14;02/129/0306;Standard;Нет;Decorative Classic;;MAESTRO;03.10.2019;03.10.14 00:00;GA2030M - плафон;Классика;227;10;накал;incandescent;Светильник подвесной;Pendant Lamp;СВІТИЛЬНИК ПIДВIСНИЙ;Классика;Да;Античный белый;Белый;#000000;59;10;1,65;;;120;;;скоба;;;;;;;;;;;;;;;;;Подвесы;;;7;2160;0;0;0;;;;;5487.00;RUB
97116dba-2ca1-11e1-a950-0030487795de;A2101SP-4WH;A2101SP-4WH СВЕТИЛЬНИК ПОДВЕСНОЙ;;IP20;ARTE LAMP;Подвесы;Да;4607191228150;A2101SP-4WH;;Товар;0;18;/upload/iblock/cd5/cd52e86598682b2439564006cfeebebe.jpeg;;;46;;;;;;;;;;54;Каталог товаров;AB;38;46;38;Арте Ламп, 110, 1/Ф Парк Фук индастриал билдинг, 615-617, Тай Нань Вест стрит, Гужень, Китай;ЛМ(А),Бау,;;10;4;4;нет;Металл гальванированный;металл стекло;Декоративное стекло выдутое вручную;1;60W;Светильник подвесной Arte Lamp Venezia A2101SP-4WH;230V;Нет;TC RU C-IT.MO07.B.00066;220418;ООО «Центр аналитических технологий «Прогресс»;E14;02/027/0364;"hand-made blown glass shade - стекло ""ручная работа""";Нет;Decorative Classic;"hand-made blown glass shade - стекло ""ручная работа""";VENEZIA;03.10.2019;03.10.14 00:00;"GA2101WH - плафон; GA2204FN-CC - венчик CC-цвет";Венецианский;83;10;накал;incandescent;Светильник подвесной;Pendant Lamp;СВІТИЛЬНИК ПIДВIСНИЙ;Классика;Да;Белый;Белый;#ffffff;34;38;4,02;;;40;;;скоба;;;;;;;;;;;;;;;;;Подвесы;;;142;5430;0;0;0;;;;;14960.00;RUB
97116dba-2ca1-11e1-a950-0030487795de;A2101SP-4WH;A2101SP-4WH СВЕТИЛЬНИК ПОДВЕСНОЙ;;IP20;ARTE LAMP;Подвесы;Да;4607191228150;A2101SP-4WH;;Товар;0;18;/upload/iblock/cd5/cd52e86598682b2439564006cfeebebe.jpeg;;;46;;;;;;;;;;54;Каталог товаров;AB;38;46;38;Арте Ламп, 110, 1/Ф Парк Фук индастриал билдинг, 615-617, Тай Нань Вест стрит, Гужень, Китай;ЛМ(А),Бау,;;10;4;4;нет;Металл гальванированный;металл стекло;Декоративное стекло выдутое вручную;1;60W;Светильник подвесной Arte Lamp Venezia A2101SP-4WH;230V;Нет;TC RU C-IT.MO07.B.00066;220418;ООО «Центр аналитических технологий «Прогресс»;E14;02/027/0364;"hand-made blown glass shade - стекло ""ручная работа""";Нет;Decorative Classic;"hand-made blown glass shade - стекло ""ручная работа""";VENEZIA;03.10.2019;03.10.14 00:00;"GA2101WH - плафон; GA2204FN-CC - венчик CC-цвет";Венецианский;83;10;накал;incandescent;Светильник подвесной;Pendant Lamp;СВІТИЛЬНИК ПIДВIСНИЙ;Классика;Да;Белый;Белый;#ffffff;34;38;4,02;;;40;;;скоба;;;;;;;;;;;;;;;;;Подвесы;;;142;5430;0;0;0;;;;;14960.00;RUB
97116dba-2ca1-11e1-a950-0030487795de;A2101SP-4WH;A2101SP-4WH СВЕТИЛЬНИК ПОДВЕСНОЙ;;IP20;ARTE LAMP;Подвесы;Да;4607191228150;A2101SP-4WH;;05.43;0;18;/upload/iblock/cd5/cd52e86598682b2439564006cfeebebe.jpeg;;;46;;;;;;;;;;54;Каталог товаров;AB;38;46;38;Арте Ламп, 110, 1/Ф Парк Фук индастриал билдинг, 615-617, Тай Нань Вест стрит, Гужень, Китай;ЛМ(А),Бау,;;10;4;4;нет;Металл гальванированный;металл стекло;Декоративное стекло выдутое вручную;1;60W;Светильник подвесной Arte Lamp Venezia A2101SP-4WH;230V;Нет;TC RU C-IT.MO07.B.00066;220418;ООО «Центр аналитических технологий «Прогресс»;E14;02/027/0364;"hand-made blown glass shade - стекло ""ручная работа""";Нет;Decorative Classic;"hand-made blown glass shade - стекло ""ручная работа""";VENEZIA;03.10.2019;03.10.14 00:00;"GA2101WH - плафон; GA2204FN-CC - венчик CC-цвет";Венецианский;83;10;накал;incandescent;Светильник подвесной;Pendant Lamp;СВІТИЛЬНИК ПIДВIСНИЙ;Классика;Да;Белый;Белый;#ffffff;34;38;4,02;;;40;;;скоба;;;;;;;;;;;;;;;;;Подвесы;;;142;5430;0;0;0;;;;;14960.00;RUB
b5d028f3-5f85-11e0-89b4-0030487795de;A2106SP-1AB;A2106SP-1AB СВЕТИЛЬНИК ПОДВЕСНОЙ;;IP20;ARTE LAMP;Подвесы;Да;4607191224619;A2106SP-1AB;;Товар;0;18;/upload/iblock/700/700412e9c5c91dae24ff49c699827c32.jpeg;;;22;;;;;;;;;;19;Каталог товаров;AA;17;22;17;Арте Ламп, 110, 1/Ф Парк Фук индастриал билдинг, 615-617, Тай Нань Вест стрит, Гужень, Китай;Комисс;;10;1;1;нет;Металл гальванированный;металл стекло;Декоративное стекло выдутое вручную;1;60W;Светильник подвесной Arte Lamp Venezia A2106SP-1AB;230V;Нет;TC RU C-IT.MO07.B.00066;220418;ООО «Центр аналитических технологий «Прогресс»;E14;02/027/0373;"hand-made blown glass shade - стекло ""ручная работа""";Нет;Decorative Classic;"hand-made blown glass shade - стекло ""ручная работа""";VENEZIA;03.10.2019;03.10.14 00:00;GA2106AM - плафон;Венецианский;84;10;накал;incandescent;Светильник подвесной;Pendant Lamp;СВІТИЛЬНИК ПIДВIСНИЙ;Классика;Да;Античная бронза;Коричневый;#ffffff;25;17;0,8;0;;40;;;крючок;;;;;;;;;;;;;;;;;Подвесы;;;3;1400;0;0;0;;;;;5563.00;RUB
b5d028f3-5f85-11e0-89b4-0030487795de;A2106SP-1AB;A2106SP-1AB СВЕТИЛЬНИК ПОДВЕСНОЙ;;IP20;ARTE LAMP;Подвесы;Да;4607191224619;A2106SP-1AB;;Товар;0;18;/upload/iblock/700/700412e9c5c91dae24ff49c699827c32.jpeg;;;22;;;;;;;;;;19;Каталог товаров;AA;17;22;17;Арте Ламп, 110, 1/Ф Парк Фук индастриал билдинг, 615-617, Тай Нань Вест стрит, Гужень, Китай;Комисс;;10;1;1;нет;Металл гальванированный;металл стекло;Декоративное стекло выдутое вручную;1;60W;Светильник подвесной Arte Lamp Venezia A2106SP-1AB;230V;Нет;TC RU C-IT.MO07.B.00066;220418;ООО «Центр аналитических технологий «Прогресс»;E14;02/027/0373;"hand-made blown glass shade - стекло ""ручная работа""";Нет;Decorative Classic;"hand-made blown glass shade - стекло ""ручная работа""";VENEZIA;03.10.2019;03.10.14 00:00;GA2106AM - плафон;Венецианский;84;10;накал;incandescent;Светильник подвесной;Pendant Lamp;СВІТИЛЬНИК ПIДВIСНИЙ;Классика;Да;Античная бронза;Коричневый;#ffffff;25;17;0,8;0;;40;;;крючок;;;;;;;;;;;;;;;;;Подвесы;;;3;1400;0;0;0;;;;;5563.00;RUB
b5d028f3-5f85-11e0-89b4-0030487795de;A2106SP-1AB;A2106SP-1AB СВЕТИЛЬНИК ПОДВЕСНОЙ;;IP20;ARTE LAMP;Подвесы;Да;4607191224619;A2106SP-1AB;;01.апр;0;18;/upload/iblock/700/700412e9c5c91dae24ff49c699827c32.jpeg;;;22;;;;;;;;;;19;Каталог товаров;AA;17;22;17;Арте Ламп, 110, 1/Ф Парк Фук индастриал билдинг, 615-617, Тай Нань Вест стрит, Гужень, Китай;Комисс;;10;1;1;нет;Металл гальванированный;металл стекло;Декоративное стекло выдутое вручную;1;60W;Светильник подвесной Arte Lamp Venezia A2106SP-1AB;230V;Нет;TC RU C-IT.MO07.B.00066;220418;ООО «Центр аналитических технологий «Прогресс»;E14;02/027/0373;"hand-made blown glass shade - стекло ""ручная работа""";Нет;Decorative Classic;"hand-made blown glass shade - стекло ""ручная работа""";VENEZIA;03.10.2019;03.10.14 00:00;GA2106AM - плафон;Венецианский;84;10;накал;incandescent;Светильник подвесной;Pendant Lamp;СВІТИЛЬНИК ПIДВIСНИЙ;Классика;Да;Античная бронза;Коричневый;#ffffff;25;17;0,8;0;;40;;;крючок;;;;;;;;;;;;;;;;;Подвесы;;;3;1400;0;0;0;;;;;5563.00;RUB
bceeeb43-97d8-11e3-a616-000c29ad8fa6;A2115SP-1AB;A2115SP-1AB СВЕТИЛЬНИК ПОДВЕСНОЙ;;IP20;ARTE LAMP;Подвесы;Да;4620009778258;A2115SP-1AB;;Товар;0;18;/upload/iblock/87c/87c5950d7418d305ae48adf7ec8d2b69.jpeg;;;23;;;;;;;;;;22;Каталог товаров;CC;15;33;15;Арте Ламп, 110, 1/Ф Парк Фук индастриал билдинг, 615-617, Тай Нань Вест стрит, Гужень, Китай;;;10;1;1;нет;Металл гальванированный;металл стекло;Стекло;1;60W;Светильник подвесной Arte Lamp Venezia A2115SP-1AB;230V;Нет;TC RU C-IT.MO07.B.00066;220418;ООО «Центр аналитических технологий «Прогресс»;E14;02/027/0386;"hand-made blown glass shade - стекло ""ручная работа""";Нет;Decorative Classic;;VENEZIA;03.10.2019;03.10.14 00:00;GA2115am - плафон янтарный;Венецианский;85;10;накал;incandescent;Светильник подвесной;Pendant Lamp;СВІТИЛЬНИК ПIДВIСНИЙ;Классика;Да;Античная бронза;;#ffffff;23;15;0,9;;;70;;;крючок;;;;;;;;;;;;;;;;;Подвесы;;;59;1400;0;0;0;;;;;4980.00;RUB
bceeeb43-97d8-11e3-a616-000c29ad8fa6;A2115SP-1AB;A2115SP-1AB СВЕТИЛЬНИК ПОДВЕСНОЙ;;IP20;ARTE LAMP;Подвесы;Да;4620009778258;A2115SP-1AB;;Товар;0;18;/upload/iblock/87c/87c5950d7418d305ae48adf7ec8d2b69.jpeg;;;23;;;;;;;;;;22;Каталог товаров;CC;15;33;15;Арте Ламп, 110, 1/Ф Парк Фук индастриал билдинг, 615-617, Тай Нань Вест стрит, Гужень, Китай;;;10;1;1;нет;Металл гальванированный;металл стекло;Стекло;1;60W;Светильник подвесной Arte Lamp Venezia A2115SP-1AB;230V;Нет;TC RU C-IT.MO07.B.00066;220418;ООО «Центр аналитических технологий «Прогресс»;E14;02/027/0386;"hand-made blown glass shade - стекло ""ручная работа""";Нет;Decorative Classic;;VENEZIA;03.10.2019;03.10.14 00:00;GA2115am - плафон янтарный;Венецианский;85;10;накал;incandescent;Светильник подвесной;Pendant Lamp;СВІТИЛЬНИК ПIДВIСНИЙ;Классика;Да;Античная бронза;;#ffffff;23;15;0,9;;;70;;;крючок;;;;;;;;;;;;;;;;;Подвесы;;;59;1400;0;0;0;;;;;4980.00;RUB
bceeeb43-97d8-11e3-a616-000c29ad8fa6;A2115SP-1AB;A2115SP-1AB СВЕТИЛЬНИК ПОДВЕСНОЙ;;IP20;ARTE LAMP;Подвесы;Да;4620009778258;A2115SP-1AB;;01.апр;0;18;/upload/iblock/87c/87c5950d7418d305ae48adf7ec8d2b69.jpeg;;;23;;;;;;;;;;22;Каталог товаров;CC;15;33;15;Арте Ламп, 110, 1/Ф Парк Фук индастриал билдинг, 615-617, Тай Нань Вест стрит, Гужень, Китай;;;10;1;1;нет;Металл гальванированный;металл стекло;Стекло;1;60W;Светильник подвесной Arte Lamp Venezia A2115SP-1AB;230V;Нет;TC RU C-IT.MO07.B.00066;220418;ООО «Центр аналитических технологий «Прогресс»;E14;02/027/0386;"hand-made blown glass shade - стекло ""ручная работа""";Нет;Decorative Classic;;VENEZIA;03.10.2019;03.10.14 00:00;GA2115am - плафон янтарный;Венецианский;85;10;накал;incandescent;Светильник подвесной;Pendant Lamp;СВІТИЛЬНИК ПIДВIСНИЙ;Классика;Да;Античная бронза;;#ffffff;23;15;0,9;;;70;;;крючок;;;;;;;;;;;;;;;;;Подвесы;;;59;1400;0;0;0;;;;;4980.00;RUB
bceeeb51-97d8-11e3-a616-000c29ad8fa6;A2115SP-1WH;A2115SP-1WH СВЕТИЛЬНИК ПОДВЕСНОЙ;;IP20;ARTE LAMP;Подвесы;Да;4620009778265;A2115SP-1WH;;Товар;0;18;/upload/iblock/e18/e18dd75ff0a7c652cb95e47a6062f8f5.jpeg;;;23;;;;;;;;;;22;Каталог товаров;CC;15;33;15;Арте Ламп, 110, 1/Ф Парк Фук индастриал билдинг, 615-617, Тай Нань Вест стрит, Гужень, Китай;;;10;1;1;нет;Металл гальванированный;металл стекло;Стекло;1;60W;Светильник подвесной Arte Lamp Venezia A2115SP-1WH;230V;Нет;TC RU C-IT.MO07.B.00066;220418;ООО «Центр аналитических технологий «Прогресс»;E14;02/027/0387;"hand-made blown glass shade - стекло ""ручная работа""";Нет;Decorative Classic;;VENEZIA;03.10.2019;03.10.14 00:00;GA2115wh - плафон белый;Венецианский;80;10;накал;incandescent;Светильник подвесной;Pendant Lamp;СВІТИЛЬНИК ПIДВIСНИЙ;Классика;Да;Белый;;#ffffff;23;15;0,9;;;70;;;крючок;;;;;Да;;;;;;;;;;;;Подвесы;;;17;1400;0;0;0;;;;;5350.00;RUB
bceeeb51-97d8-11e3-a616-000c29ad8fa6;A2115SP-1WH;A2115SP-1WH СВЕТИЛЬНИК ПОДВЕСНОЙ;;IP20;ARTE LAMP;Подвесы;Да;4620009778265;A2115SP-1WH;;Товар;0;18;/upload/iblock/e18/e18dd75ff0a7c652cb95e47a6062f8f5.jpeg;;;23;;;;;;;;;;22;Каталог товаров;CC;15;33;15;Арте Ламп, 110, 1/Ф Парк Фук индастриал билдинг, 615-617, Тай Нань Вест стрит, Гужень, Китай;;;10;1;1;нет;Металл гальванированный;металл стекло;Стекло;1;60W;Светильник подвесной Arte Lamp Venezia A2115SP-1WH;230V;Нет;TC RU C-IT.MO07.B.00066;220418;ООО «Центр аналитических технологий «Прогресс»;E14;02/027/0387;"hand-made blown glass shade - стекло ""ручная работа""";Нет;Decorative Classic;;VENEZIA;03.10.2019;03.10.14 00:00;GA2115wh - плафон белый;Венецианский;80;10;накал;incandescent;Светильник подвесной;Pendant Lamp;СВІТИЛЬНИК ПIДВIСНИЙ;Классика;Да;Белый;;#ffffff;23;15;0,9;;;70;;;крючок;;;;;Да;;;;;;;;;;;;Подвесы;;;17;1400;0;0;0;;;;;5350.00;RUB
bceeeb51-97d8-11e3-a616-000c29ad8fa6;A2115SP-1WH;A2115SP-1WH СВЕТИЛЬНИК ПОДВЕСНОЙ;;IP20;ARTE LAMP;Подвесы;Да;4620009778265;A2115SP-1WH;;01.апр;0;18;/upload/iblock/e18/e18dd75ff0a7c652cb95e47a6062f8f5.jpeg;;;23;;;;;;;;;;22;Каталог товаров;CC;15;33;15;Арте Ламп, 110, 1/Ф Парк Фук индастриал билдинг, 615-617, Тай Нань Вест стрит, Гужень, Китай;;;10;1;1;нет;Металл гальванированный;металл стекло;Стекло;1;60W;Светильник подвесной Arte Lamp Venezia A2115SP-1WH;230V;Нет;TC RU C-IT.MO07.B.00066;220418;ООО «Центр аналитических технологий «Прогресс»;E14;02/027/0387;"hand-made blown glass shade - стекло ""ручная работа""";Нет;Decorative Classic;;VENEZIA;03.10.2019;03.10.14 00:00;GA2115wh - плафон белый;Венецианский;80;10;накал;incandescent;Светильник подвесной;Pendant Lamp;СВІТИЛЬНИК ПIДВIСНИЙ;Классика;Да;Белый;;#ffffff;23;15;0,9;;;70;;;крючок;;;;;Да;;;;;;;;;;;;Подвесы;;;17;1400;0;0;0;;;;;5350.00;RUB
