IE_XML_ID;IE_NAME;IC_GROUP0
97116dd6-2ca1-11e1-a950-0030487795de;A1091SP-1AB;Подвесы
97116dd6-2ca1-11e1-a950-0030487795de;A1091SP-1AB;Подвесы
97116dd6-2ca1-11e1-a950-0030487795de;A1091SP-1AB;Подвесы
97116dd8-2ca1-11e1-a950-0030487795de;A1091SP-1CC;Подвесы
97116dd8-2ca1-11e1-a950-0030487795de;A1091SP-1CC;Подвесы
97116dd8-2ca1-11e1-a950-0030487795de;A1091SP-1CC;Подвесы
f8783050-a635-11e4-afb5-000c29ad8fa6;A1230SP-2BG;Подвесы
f8783050-a635-11e4-afb5-000c29ad8fa6;A1230SP-2BG;Подвесы
f8783050-a635-11e4-afb5-000c29ad8fa6;A1230SP-2BG;Подвесы
f878303e-a635-11e4-afb5-000c29ad8fa6;A1232SP-2BG;Подвесы
f878303e-a635-11e4-afb5-000c29ad8fa6;A1232SP-2BG;Подвесы
f878303e-a635-11e4-afb5-000c29ad8fa6;A1232SP-2BG;Подвесы
a37d66ed-97d8-11e3-a616-000c29ad8fa6;A1260SP-1SS;Подвесы
a37d66ed-97d8-11e3-a616-000c29ad8fa6;A1260SP-1SS;Подвесы
a37d66ed-97d8-11e3-a616-000c29ad8fa6;A1260SP-1SS;Подвесы
221aa55d-5b2e-11e2-a0fb-000c29ad8fa6;A1320SP-1BK;Подвесы
221aa55d-5b2e-11e2-a0fb-000c29ad8fa6;A1320SP-1BK;Подвесы
221aa55d-5b2e-11e2-a0fb-000c29ad8fa6;A1320SP-1BK;Подвесы
221aa55b-5b2e-11e2-a0fb-000c29ad8fa6;A1326SP-1BK;Подвесы
221aa55b-5b2e-11e2-a0fb-000c29ad8fa6;A1326SP-1BK;Подвесы
221aa55b-5b2e-11e2-a0fb-000c29ad8fa6;A1326SP-1BK;Подвесы
a37d6861-97d8-11e3-a616-000c29ad8fa6;A1402SP-1SS;Подвесы
a37d6861-97d8-11e3-a616-000c29ad8fa6;A1402SP-1SS;Подвесы
a37d6861-97d8-11e3-a616-000c29ad8fa6;A1402SP-1SS;Подвесы
a37d686f-97d8-11e3-a616-000c29ad8fa6;A1403SP-1SS;Подвесы
a37d686f-97d8-11e3-a616-000c29ad8fa6;A1403SP-1SS;Подвесы
a37d686f-97d8-11e3-a616-000c29ad8fa6;A1403SP-1SS;Подвесы
0580a548-a0a5-11e4-afb5-000c29ad8fa6;A1508SP-1BR;Подвесы
0580a548-a0a5-11e4-afb5-000c29ad8fa6;A1508SP-1BR;Подвесы
0580a548-a0a5-11e4-afb5-000c29ad8fa6;A1508SP-1BR;Подвесы
b69c1335-97d8-11e3-a616-000c29ad8fa6;A1703SP-3BR;Подвесы
b69c1335-97d8-11e3-a616-000c29ad8fa6;A1703SP-3BR;Подвесы
b69c1335-97d8-11e3-a616-000c29ad8fa6;A1703SP-3BR;Подвесы
b69c1342-97d8-11e3-a616-000c29ad8fa6;A1703SP-5BR;Подвесы
b69c1342-97d8-11e3-a616-000c29ad8fa6;A1703SP-5BR;Подвесы
b69c1342-97d8-11e3-a616-000c29ad8fa6;A1703SP-5BR;Подвесы
b0388b85-97d8-11e3-a616-000c29ad8fa6;A1795SP-1RI;Подвесы
b0388b85-97d8-11e3-a616-000c29ad8fa6;A1795SP-1RI;Подвесы
b0388b85-97d8-11e3-a616-000c29ad8fa6;A1795SP-1RI;Подвесы
b0388b93-97d8-11e3-a616-000c29ad8fa6;A1796SP-1BG;Подвесы
b0388b93-97d8-11e3-a616-000c29ad8fa6;A1796SP-1BG;Подвесы
b0388b93-97d8-11e3-a616-000c29ad8fa6;A1796SP-1BG;Подвесы
b69c1328-97d8-11e3-a616-000c29ad8fa6;A1865SP-3BG;Подвесы
b69c1328-97d8-11e3-a616-000c29ad8fa6;A1865SP-3BG;Подвесы
b69c1328-97d8-11e3-a616-000c29ad8fa6;A1865SP-3BG;Подвесы
b0388be5-97d8-11e3-a616-000c29ad8fa6;A1878SP-3WG;Подвесы
b0388be5-97d8-11e3-a616-000c29ad8fa6;A1878SP-3WG;Подвесы
b0388be5-97d8-11e3-a616-000c29ad8fa6;A1878SP-3WG;Подвесы
221aa563-5b2e-11e2-a0fb-000c29ad8fa6;A2030SP-1WA;Подвесы
221aa563-5b2e-11e2-a0fb-000c29ad8fa6;A2030SP-1WA;Подвесы
221aa563-5b2e-11e2-a0fb-000c29ad8fa6;A2030SP-1WA;Подвесы
221aa565-5b2e-11e2-a0fb-000c29ad8fa6;A2031SP-1WA;Подвесы
221aa565-5b2e-11e2-a0fb-000c29ad8fa6;A2031SP-1WA;Подвесы
221aa565-5b2e-11e2-a0fb-000c29ad8fa6;A2031SP-1WA;Подвесы
221aa567-5b2e-11e2-a0fb-000c29ad8fa6;A2031SP-3WA;Подвесы
221aa567-5b2e-11e2-a0fb-000c29ad8fa6;A2031SP-3WA;Подвесы
221aa567-5b2e-11e2-a0fb-000c29ad8fa6;A2031SP-3WA;Подвесы
97116dba-2ca1-11e1-a950-0030487795de;A2101SP-4WH;Подвесы
97116dba-2ca1-11e1-a950-0030487795de;A2101SP-4WH;Подвесы
97116dba-2ca1-11e1-a950-0030487795de;A2101SP-4WH;Подвесы
b5d028f3-5f85-11e0-89b4-0030487795de;A2106SP-1AB;Подвесы
b5d028f3-5f85-11e0-89b4-0030487795de;A2106SP-1AB;Подвесы
b5d028f3-5f85-11e0-89b4-0030487795de;A2106SP-1AB;Подвесы
bceeeb43-97d8-11e3-a616-000c29ad8fa6;A2115SP-1AB;Подвесы
bceeeb43-97d8-11e3-a616-000c29ad8fa6;A2115SP-1AB;Подвесы
bceeeb43-97d8-11e3-a616-000c29ad8fa6;A2115SP-1AB;Подвесы
bceeeb51-97d8-11e3-a616-000c29ad8fa6;A2115SP-1WH;Подвесы
bceeeb51-97d8-11e3-a616-000c29ad8fa6;A2115SP-1WH;Подвесы
bceeeb51-97d8-11e3-a616-000c29ad8fa6;A2115SP-1WH;Подвесы
